class_name,task_id,img_auc,pixel_auc,is_current_task,routing_accuracy
bottle,0,1.0,0.9841018962592576,False,1.0
cable,1,0.9893178410794603,0.9758372578519388,True,1.0
Average,,0.9946589205397302,0.9799695770555982,,1.0
Task_0_Average,0,1.0,0.9841018962592576,,1.0
Task_1_Average,1,0.9893178410794603,0.9758372578519388,,1.0
