class_name,task_id,img_auc,pixel_auc,is_current_task,routing_accuracy
candle,0,0.8961,0.8941642496707788,False,1.0
capsules,1,0.8713333333333334,0.9671418336970936,False,1.0
cashew,2,0.9742,0.9814275931330732,False,1.0
chewinggum,3,0.9326,0.9522470902522979,True,1.0
Average,,0.9185583333333334,0.948745191688311,,1.0
Task_0_Average,0,0.8961,0.8941642496707788,,1.0
Task_1_Average,1,0.8713333333333334,0.9671418336970936,,1.0
Task_2_Average,2,0.9742,0.9814275931330732,,1.0
Task_3_Average,3,0.9326,0.9522470902522979,,1.0
