class_name,task_id,img_auc,pixel_auc,is_current_task,routing_accuracy
candle,0,0.8961,0.8941642496707788,False,1.0
capsules,1,0.8713333333333334,0.9671418336970936,True,1.0
Average,,0.8837166666666667,0.9306530416839363,,1.0
Task_0_Average,0,0.8961,0.8941642496707788,,1.0
Task_1_Average,1,0.8713333333333334,0.9671418336970936,,1.0
