class_name,task_id,img_auc,pixel_auc,is_current_task,routing_accuracy
bottle,0,1.0,0.982083541735788,False,1.0
cable,1,0.9878185907046476,0.9774556578199443,True,1.0
Average,,0.9939092953523239,0.9797695997778662,,1.0
Task_0_Average,0,1.0,0.982083541735788,,1.0
Task_1_Average,1,0.9878185907046476,0.9774556578199443,,1.0
