class_name,task_id,img_auc,pixel_auc,is_current_task,routing_accuracy
bottle,0,1.0,0.982083541735788,False,1.0
cable,1,0.9878185907046476,0.9774556578199443,False,1.0
capsule,2,0.9712804148384524,0.986055021067603,True,1.0
Average,,0.9863663351810334,0.9818647402077785,,1.0
Task_0_Average,0,1.0,0.982083541735788,,1.0
Task_1_Average,1,0.9878185907046476,0.9774556578199443,,1.0
Task_2_Average,2,0.9712804148384524,0.986055021067603,,1.0
