class_name,task_id,img_auc,pixel_auc,is_current_task,routing_accuracy
leather,0,0.9976222826086957,0.9688688501085725,True,1.0
Average,,0.9976222826086957,0.9688688501085725,,1.0
Task_0_Average,0,0.9976222826086957,0.9688688501085725,,1.0
