class_name,task_id,img_auc,pixel_auc,is_current_task,routing_accuracy
bottle,0,1.0,0.9794635561672126,False,1.0
cable,1,0.9900674662668666,0.9749292793961095,False,1.0
capsule,2,0.9609094535301157,0.9870264565075342,True,1.0
Average,,0.9836589732656608,0.9804730973569521,,1.0
Task_0_Average,0,1.0,0.9794635561672126,,1.0
Task_1_Average,1,0.9900674662668666,0.9749292793961095,,1.0
Task_2_Average,2,0.9609094535301157,0.9870264565075342,,1.0
