class_name,task_id,img_auc,pixel_auc,is_current_task,routing_accuracy
candle,0,0.8169,0.9654122537884992,False,1.0
capsules,1,0.6888333333333334,0.9533053840132972,True,1.0
Average,,0.7528666666666667,0.9593588189008981,,1.0
Task_0_Average,0,0.8169,0.9654122537884992,,1.0
Task_1_Average,1,0.6888333333333334,0.9533053840132972,,1.0
