class_name,task_id,img_auc,pixel_auc,is_current_task,routing_accuracy
candle,0,0.8169,0.9654122537884992,False,1.0
capsules,1,0.6888333333333334,0.9533053840132972,False,1.0
cashew,2,0.8163999999999999,0.9747935507100922,False,1.0
chewinggum,3,0.8253,0.9857237757673982,True,1.0
Average,,0.7868583333333333,0.9698087410698217,,1.0
Task_0_Average,0,0.8169,0.9654122537884992,,1.0
Task_1_Average,1,0.6888333333333334,0.9533053840132972,,1.0
Task_2_Average,2,0.8163999999999999,0.9747935507100922,,1.0
Task_3_Average,3,0.8253,0.9857237757673982,,1.0
