class_name,task_id,img_auc,pixel_auc,is_current_task,routing_accuracy
bottle,0,0.5777777777777777,0.7091014013293016,False,1.0
cable,1,0.8995502248875563,0.9095146681457573,True,1.0
Average,,0.7386640013326671,0.8093080347375294,,1.0
Task_0_Average,0,0.5777777777777777,0.7091014013293016,,1.0
Task_1_Average,1,0.8995502248875563,0.9095146681457573,,1.0
