class_name,task_id,img_auc,pixel_auc,is_current_task,routing_accuracy
bottle,0,0.3484126984126984,0.5722402398957958,False,1.0
cable,1,0.5500374812593702,0.7270470195170945,False,1.0
capsule,2,0.724770642201835,0.9461359881123907,True,1.0
Average,,0.5410736072913012,0.7484744158417603,,1.0
Task_0_Average,0,0.3484126984126984,0.5722402398957958,,1.0
Task_1_Average,1,0.5500374812593702,0.7270470195170945,,1.0
Task_2_Average,2,0.724770642201835,0.9461359881123907,,1.0
