class_name,task_id,img_auc,pixel_auc,is_current_task,routing_accuracy
bottle,0,0.5912698412698412,0.5747010405681622,False,1.0
cable,1,0.3562593703148426,0.7773764841918338,False,1.0
capsule,2,0.5751894694854408,0.6892310827528557,False,1.0
carpet,3,0.8077849117174959,0.9810495986824013,True,1.0
Average,,0.5826258981969051,0.7555895515488131,,1.0
Task_0_Average,0,0.5912698412698412,0.5747010405681622,,1.0
Task_1_Average,1,0.3562593703148426,0.7773764841918338,,1.0
Task_2_Average,2,0.5751894694854408,0.6892310827528557,,1.0
Task_3_Average,3,0.8077849117174959,0.9810495986824013,,1.0
