class_name,task_id,img_auc,pixel_auc,is_current_task,routing_accuracy
bottle,0,1.0,0.9859670041445293,False,1.0
cable,1,0.9149175412293853,0.9018509382598597,False,1.0
capsule,2,0.7427203829278023,0.9795931564820337,True,1.0
Average,,0.8858793080523958,0.9558036996288076,,1.0
Task_0_Average,0,1.0,0.9859670041445293,,1.0
Task_1_Average,1,0.9149175412293853,0.9018509382598597,,1.0
Task_2_Average,2,0.7427203829278023,0.9795931564820337,,1.0
