class_name,task_id,img_auc,pixel_auc,is_current_task,routing_accuracy
bottle,0,1.0,0.9859670041445293,False,1.0
cable,1,0.9149175412293853,0.9018509382598597,True,1.0
Average,,0.9574587706146926,0.9439089712021945,,1.0
Task_0_Average,0,1.0,0.9859670041445293,,1.0
Task_1_Average,1,0.9149175412293853,0.9018509382598597,,1.0
