class_name,task_id,img_auc,pixel_auc,is_current_task,routing_accuracy
bottle,0,1.0,0.9823884610986771,False,1.0
cable,1,0.9801349325337331,0.9723436127384473,False,1.0
capsule,2,0.9501396090945353,0.9871033042806783,True,1.0
Average,,0.9767581805427561,0.9806117927059342,,1.0
Task_0_Average,0,1.0,0.9823884610986771,,1.0
Task_1_Average,1,0.9801349325337331,0.9723436127384473,,1.0
Task_2_Average,2,0.9501396090945353,0.9871033042806783,,1.0
