class_name,task_id,img_auc,pixel_auc,is_current_task,routing_accuracy
bottle,0,1.0,0.9823884610986771,False,1.0
cable,1,0.9801349325337331,0.9723436127384473,True,1.0
Average,,0.9900674662668665,0.9773660369185622,,1.0
Task_0_Average,0,1.0,0.9823884610986771,,1.0
Task_1_Average,1,0.9801349325337331,0.9723436127384473,,1.0
