class_name,task_id,img_auc,pixel_auc,is_current_task,routing_accuracy
bottle,0,1.0,0.9831670562534987,False,1.0
cable,1,0.9598950524737632,0.9321063600511512,True,1.0
Average,,0.9799475262368815,0.9576367081523249,,1.0
Task_0_Average,0,1.0,0.9831670562534987,,1.0
Task_1_Average,1,0.9598950524737632,0.9321063600511512,,1.0
