class_name,task_id,img_auc,pixel_auc,is_current_task,routing_accuracy
bottle,0,1.0,0.9831670562534987,False,1.0
cable,1,0.9598950524737632,0.9321063600511512,False,1.0
capsule,2,0.4595133625847627,0.5592809703185505,False,1.0
carpet,3,0.3699839486356341,0.5144233569176219,True,1.0
Average,,0.69734809092354,0.7472444358852056,,1.0
Task_0_Average,0,1.0,0.9831670562534987,,1.0
Task_1_Average,1,0.9598950524737632,0.9321063600511512,,1.0
Task_2_Average,2,0.4595133625847627,0.5592809703185505,,1.0
Task_3_Average,3,0.3699839486356341,0.5144233569176219,,1.0
