class_name,task_id,img_auc,pixel_auc,is_current_task,routing_accuracy
bottle,0,1.0,0.9841364900087098,False,1.0
cable,1,0.9818215892053973,0.9715957170870838,False,1.0
capsule,2,0.9497407259672916,0.9865267057418211,True,1.0
Average,,0.9771874383908964,0.9807529709458715,,1.0
Task_0_Average,0,1.0,0.9841364900087098,,1.0
Task_1_Average,1,0.9818215892053973,0.9715957170870838,,1.0
Task_2_Average,2,0.9497407259672916,0.9865267057418211,,1.0
