class_name,task_id,img_auc,pixel_auc,is_current_task,routing_accuracy
bottle,0,1.0,0.9826587443980519,False,1.0
cable,1,0.9902548725637181,0.9761495768150206,True,1.0
Average,,0.9951274362818591,0.9794041606065362,,1.0
Task_0_Average,0,1.0,0.9826587443980519,,1.0
Task_1_Average,1,0.9902548725637181,0.9761495768150206,,1.0
