class_name,task_id,img_auc,pixel_auc,is_current_task,routing_accuracy
bottle,0,1.0,0.9621626033492706,False,1.0
cable,1,0.9932533733133433,0.975328867544139,False,1.0
capsule,2,0.9449541284403671,0.9846998069171584,True,1.0
Average,,0.9794025005845701,0.9740637592701894,,1.0
Task_0_Average,0,1.0,0.9621626033492706,,1.0
Task_1_Average,1,0.9932533733133433,0.975328867544139,,1.0
Task_2_Average,2,0.9449541284403671,0.9846998069171584,,1.0
