class_name,task_id,img_auc,pixel_auc,is_current_task,routing_accuracy
bottle,0,1.0,0.9038475684850462,False,1.0
cable,1,0.9220389805097451,0.9131968841603437,True,1.0
Average,,0.9610194902548725,0.908522226322695,,1.0
Task_0_Average,0,1.0,0.9038475684850462,,1.0
Task_1_Average,1,0.9220389805097451,0.9131968841603437,,1.0
