class_name,task_id,img_auc,pixel_auc,is_current_task,routing_accuracy
bottle,0,1.0,0.9838293741624952,False,1.0
cable,1,0.9855697151424289,0.9721769327203621,False,1.0
capsule,2,0.9513362584762665,0.9865951169251399,False,1.0
carpet,3,0.9959871589085072,0.9897401718968801,True,1.0
Average,,0.9832232831318006,0.9830853989262194,,1.0
Task_0_Average,0,1.0,0.9838293741624952,,1.0
Task_1_Average,1,0.9855697151424289,0.9721769327203621,,1.0
Task_2_Average,2,0.9513362584762665,0.9865951169251399,,1.0
Task_3_Average,3,0.9959871589085072,0.9897401718968801,,1.0
