class_name,task_id,img_auc,pixel_auc,is_current_task,routing_accuracy
bottle,0,1.0,0.9838293741624952,False,1.0
cable,1,0.9855697151424289,0.9721769327203621,True,1.0
Average,,0.9927848575712144,0.9780031534414286,,1.0
Task_0_Average,0,1.0,0.9838293741624952,,1.0
Task_1_Average,1,0.9855697151424289,0.9721769327203621,,1.0
