class_name,task_id,img_auc,pixel_auc,is_current_task,routing_accuracy
bottle,0,1.0,0.9838293741624952,False,1.0
cable,1,0.9855697151424289,0.9721769327203621,False,1.0
capsule,2,0.9513362584762665,0.9865951169251399,True,1.0
Average,,0.9789686578728984,0.9808671412693325,,1.0
Task_0_Average,0,1.0,0.9838293741624952,,1.0
Task_1_Average,1,0.9855697151424289,0.9721769327203621,,1.0
Task_2_Average,2,0.9513362584762665,0.9865951169251399,,1.0
