class_name,task_id,img_auc,pixel_auc,is_current_task,routing_accuracy
candle,0,0.8439,0.9858130027840754,False,1.0
capsules,1,0.707,0.9447056200008234,False,1.0
cashew,2,0.8452000000000001,0.9774159845259105,True,1.0
Average,,0.7987000000000001,0.9693115357702697,,1.0
Task_0_Average,0,0.8439,0.9858130027840754,,1.0
Task_1_Average,1,0.707,0.9447056200008234,,1.0
Task_2_Average,2,0.8452000000000001,0.9774159845259105,,1.0
