class_name,task_id,img_auc,pixel_auc,is_current_task,routing_accuracy
candle,0,0.8973,0.8973807063803341,False,1.0
capsules,1,0.8765000000000001,0.9736126447811572,True,1.0
Average,,0.8869,0.9354966755807457,,1.0
Task_0_Average,0,0.8973,0.8973807063803341,,1.0
Task_1_Average,1,0.8765000000000001,0.9736126447811572,,1.0
