class_name,task_id,img_auc,pixel_auc,is_current_task,routing_accuracy
candle,0,0.8973,0.8973807063803341,False,1.0
capsules,1,0.8765000000000001,0.9736126447811572,False,1.0
cashew,2,0.9594,0.9843949521077262,False,1.0
chewinggum,3,0.9174,0.947658424342371,True,1.0
Average,,0.91265,0.9507616819028971,,1.0
Task_0_Average,0,0.8973,0.8973807063803341,,1.0
Task_1_Average,1,0.8765000000000001,0.9736126447811572,,1.0
Task_2_Average,2,0.9594,0.9843949521077262,,1.0
Task_3_Average,3,0.9174,0.947658424342371,,1.0
