class_name,task_id,img_auc,pixel_auc,is_current_task,routing_accuracy
candle,0,0.8999,0.8918351345532186,False,1.0
capsules,1,0.8753333333333334,0.9662087105659172,False,1.0
cashew,2,0.9743999999999999,0.9807213670870308,True,1.0
Average,,0.9165444444444445,0.946255070735389,,1.0
Task_0_Average,0,0.8999,0.8918351345532186,,1.0
Task_1_Average,1,0.8753333333333334,0.9662087105659172,,1.0
Task_2_Average,2,0.9743999999999999,0.9807213670870308,,1.0
