class_name,task_id,img_auc,pixel_auc,is_current_task,routing_accuracy
bottle,0,0.5476190476190477,0.8386196334429773,False,1.0
cable,1,0.44377811094452774,0.8335229676088504,False,1.0
capsule,2,0.6090945353011568,0.9659995990689039,True,1.0
Average,,0.5334972312882441,0.8793807333735773,,1.0
Task_0_Average,0,0.5476190476190477,0.8386196334429773,,1.0
Task_1_Average,1,0.44377811094452774,0.8335229676088504,,1.0
Task_2_Average,2,0.6090945353011568,0.9659995990689039,,1.0
