class_name,task_id,img_auc,pixel_auc,is_current_task,routing_accuracy
bottle,0,0.6293650793650793,0.7764181417082346,False,1.0
cable,1,0.43834332833583206,0.7869875598830492,False,1.0
capsule,2,0.5033905065815716,0.3417055120204325,False,1.0
carpet,3,0.9386035313001605,0.98645745013848,True,1.0
Average,,0.6274256113956609,0.7228921659375491,,1.0
Task_0_Average,0,0.6293650793650793,0.7764181417082346,,1.0
Task_1_Average,1,0.43834332833583206,0.7869875598830492,,1.0
Task_2_Average,2,0.5033905065815716,0.3417055120204325,,1.0
Task_3_Average,3,0.9386035313001605,0.98645745013848,,1.0
