class_name,task_id,img_auc,pixel_auc,is_current_task,routing_accuracy
bottle,0,0.3817460317460317,0.8953511184582876,False,1.0
cable,1,0.8517616191904048,0.9364421429218661,True,1.0
Average,,0.6167538254682183,0.9158966306900769,,1.0
Task_0_Average,0,0.3817460317460317,0.8953511184582876,,1.0
Task_1_Average,1,0.8517616191904048,0.9364421429218661,,1.0
