class_name,task_id,img_auc,pixel_auc,is_current_task,routing_accuracy
bottle,0,1.0,0.967971932437001,False,1.0
cable,1,0.9900674662668667,0.9764632241318886,True,1.0
Average,,0.9950337331334334,0.9722175782844448,,1.0
Task_0_Average,0,1.0,0.967971932437001,,1.0
Task_1_Average,1,0.9900674662668667,0.9764632241318886,,1.0
