class_name,task_id,img_auc,pixel_auc,is_current_task,routing_accuracy
bottle,0,1.0,0.967971932437001,False,1.0
cable,1,0.9900674662668667,0.9764632241318886,False,1.0
capsule,2,0.9692859992022338,0.9859124326544044,True,1.0
Average,,0.9864511551563669,0.976782529741098,,1.0
Task_0_Average,0,1.0,0.967971932437001,,1.0
Task_1_Average,1,0.9900674662668667,0.9764632241318886,,1.0
Task_2_Average,2,0.9692859992022338,0.9859124326544044,,1.0
