class_name,task_id,img_auc,pixel_auc,is_current_task,routing_accuracy
bracket_black,0,0.742686170212766,0.9361693811699359,False,1.0
bracket_brown,1,1.0,0.8465609066461415,False,0.987012987012987
bracket_white,2,0.7844444444444444,0.9249948214750995,True,0.9
Average,,0.8423768715524035,0.9025750364303923,,0.9623376623376623
Task_0_Average,0,0.742686170212766,0.9361693811699359,,1.0
Task_1_Average,1,1.0,0.8465609066461415,,0.987012987012987
Task_2_Average,2,0.7844444444444444,0.9249948214750995,,0.9
