class_name,task_id,img_auc,pixel_auc,is_current_task,routing_accuracy
bracket_black,0,0.742686170212766,0.9361693811699359,False,1.0
bracket_brown,1,1.0,0.8465609066461415,True,0.987012987012987
Average,,0.871343085106383,0.8913651439080387,,0.9935064935064934
Task_0_Average,0,0.742686170212766,0.9361693811699359,,1.0
Task_1_Average,1,1.0,0.8465609066461415,,0.987012987012987
