class_name,task_id,img_auc,pixel_auc,is_current_task,routing_accuracy
bracket_black,0,0.742686170212766,0.9361693811699359,False,1.0
bracket_brown,1,1.0,0.8465609066461415,False,0.987012987012987
bracket_white,2,0.7844444444444444,0.9249948214750995,False,0.9
connector,3,0.9928571428571429,0.9879833529918337,True,1.0
Average,,0.8799969393785884,0.9239271155707527,,0.9717532467532467
Task_0_Average,0,0.742686170212766,0.9361693811699359,,1.0
Task_1_Average,1,1.0,0.8465609066461415,,0.987012987012987
Task_2_Average,2,0.7844444444444444,0.9249948214750995,,0.9
Task_3_Average,3,0.9928571428571429,0.9879833529918337,,1.0
