class_name,task_id,img_auc,pixel_auc,is_current_task,routing_accuracy
candle,0,0.9003000000000001,0.8786120986276896,False,1.0
capsules,1,0.8791666666666668,0.9559427083789614,True,1.0
Average,,0.8897333333333335,0.9172774035033255,,1.0
Task_0_Average,0,0.9003000000000001,0.8786120986276896,,1.0
Task_1_Average,1,0.8791666666666668,0.9559427083789614,,1.0
