class_name,task_id,img_auc,pixel_auc,is_current_task,routing_accuracy
candle,0,0.8613999999999999,0.8361932461810945,True,1.0
Average,,0.8613999999999999,0.8361932461810945,,1.0
Task_0_Average,0,0.8613999999999999,0.8361932461810945,,1.0
