class_name,task_id,img_auc,pixel_auc,is_current_task,routing_accuracy
bottle,0,1.0,0.9823865261631907,False,1.0
cable,1,0.9908170914542729,0.9756242956279897,True,1.0
Average,,0.9954085457271364,0.9790054108955901,,1.0
Task_0_Average,0,1.0,0.9823865261631907,,1.0
Task_1_Average,1,0.9908170914542729,0.9756242956279897,,1.0
