class_name,task_id,img_auc,pixel_auc,is_current_task,routing_accuracy
bottle,0,1.0,0.9823865261631907,False,1.0
cable,1,0.9908170914542729,0.9756242956279897,False,1.0
capsule,2,0.9684882329477463,0.9864990430244159,True,1.0
Average,,0.9864351081340064,0.9815032882718654,,1.0
Task_0_Average,0,1.0,0.9823865261631907,,1.0
Task_1_Average,1,0.9908170914542729,0.9756242956279897,,1.0
Task_2_Average,2,0.9684882329477463,0.9864990430244159,,1.0
