class_name,task_id,img_auc,pixel_auc,is_current_task,routing_accuracy
leather,0,1.0,0.9629170952068036,False,1.0
grid,1,0.9874686716791979,0.9776951167571692,False,1.0
transistor,2,0.8716666666666667,0.9494263668926582,False,1.0
screw,3,0.5523672883787661,0.9484768418377723,True,1.0
Average,,0.8528756566811576,0.9596288551736009,,1.0
Task_0_Average,0,1.0,0.9629170952068036,,1.0
Task_1_Average,1,0.9874686716791979,0.9776951167571692,,1.0
Task_2_Average,2,0.8716666666666667,0.9494263668926582,,1.0
Task_3_Average,3,0.5523672883787661,0.9484768418377723,,1.0
