class_name,task_id,img_auc,pixel_auc,is_current_task,routing_accuracy
bottle,0,1.0,0.9641028380443974,False,1.0
cable,1,0.9932533733133433,0.9764633673759878,False,1.0
capsule,2,0.9569206222576785,0.9851936072003152,False,1.0
carpet,3,0.9835473515248796,0.9799674615894983,True,1.0
Average,,0.9834303367739753,0.9764318185525497,,1.0
Task_0_Average,0,1.0,0.9641028380443974,,1.0
Task_1_Average,1,0.9932533733133433,0.9764633673759878,,1.0
Task_2_Average,2,0.9569206222576785,0.9851936072003152,,1.0
Task_3_Average,3,0.9835473515248796,0.9799674615894983,,1.0
