class_name,task_id,img_auc,pixel_auc,is_current_task,routing_accuracy
bottle,0,1.0,0.9641028380443974,False,1.0
cable,1,0.9932533733133433,0.9764633673759878,True,1.0
Average,,0.9966266866566716,0.9702831027101926,,1.0
Task_0_Average,0,1.0,0.9641028380443974,,1.0
Task_1_Average,1,0.9932533733133433,0.9764633673759878,,1.0
