class_name,task_id,img_auc,pixel_auc,is_current_task,routing_accuracy
bottle,0,1.0,0.9644657693308568,False,1.0
cable,1,0.9926911544227885,0.97497676049389,False,1.0
capsule,2,0.9509373753490229,0.9854942000523865,False,1.0
carpet,3,0.9855537720706259,0.9816249451684247,True,1.0
Average,,0.9822955754606094,0.9766404187613895,,1.0
Task_0_Average,0,1.0,0.9644657693308568,,1.0
Task_1_Average,1,0.9926911544227885,0.97497676049389,,1.0
Task_2_Average,2,0.9509373753490229,0.9854942000523865,,1.0
Task_3_Average,3,0.9855537720706259,0.9816249451684247,,1.0
