class_name,task_id,img_auc,pixel_auc,is_current_task,routing_accuracy
bottle,0,1.0,0.9644657693308568,False,1.0
cable,1,0.9926911544227885,0.97497676049389,False,1.0
capsule,2,0.9509373753490229,0.9854942000523865,True,1.0
Average,,0.9812095099239372,0.9749789099590446,,1.0
Task_0_Average,0,1.0,0.9644657693308568,,1.0
Task_1_Average,1,0.9926911544227885,0.97497676049389,,1.0
Task_2_Average,2,0.9509373753490229,0.9854942000523865,,1.0
