class_name,task_id,img_auc,pixel_auc,is_current_task,routing_accuracy
bottle,0,1.0,0.9834026692111081,False,1.0
cable,1,0.9919415292353823,0.9805228678183446,True,1.0
Average,,0.9959707646176912,0.9819627685147263,,1.0
Task_0_Average,0,1.0,0.9834026692111081,,1.0
Task_1_Average,1,0.9919415292353823,0.9805228678183446,,1.0
