class_name,task_id,img_auc,pixel_auc,is_current_task,routing_accuracy
bottle,0,1.0,0.9834026692111081,False,1.0
cable,1,0.9919415292353823,0.9805228678183446,False,1.0
capsule,2,0.9720781810929399,0.98592008461687,False,1.0
carpet,3,0.9951845906902087,0.9870579830625245,True,1.0
Average,,0.9898010752546328,0.9842259011772118,,1.0
Task_0_Average,0,1.0,0.9834026692111081,,1.0
Task_1_Average,1,0.9919415292353823,0.9805228678183446,,1.0
Task_2_Average,2,0.9720781810929399,0.98592008461687,,1.0
Task_3_Average,3,0.9951845906902087,0.9870579830625245,,1.0
