class_name,task_id,img_auc,pixel_auc,is_current_task,routing_accuracy
bottle,0,1.0,0.9837325967448949,False,1.0
cable,1,0.9827586206896552,0.972425985408859,True,1.0
Average,,0.9913793103448276,0.978079291076877,,1.0
Task_0_Average,0,1.0,0.9837325967448949,,1.0
Task_1_Average,1,0.9827586206896552,0.972425985408859,,1.0
