class_name,task_id,img_auc,pixel_auc,is_current_task,routing_accuracy
bottle,0,1.0,0.9837325967448949,False,1.0
cable,1,0.9827586206896552,0.972425985408859,False,1.0
capsule,2,0.956122856003191,0.9868389345787715,True,1.0
Average,,0.9796271588976154,0.9809991722441751,,1.0
Task_0_Average,0,1.0,0.9837325967448949,,1.0
Task_1_Average,1,0.9827586206896552,0.972425985408859,,1.0
Task_2_Average,2,0.956122856003191,0.9868389345787715,,1.0
