class_name,task_id,img_auc,pixel_auc,is_current_task,routing_accuracy
bottle,0,1.0,0.9808939735519041,False,1.0
cable,1,0.9891304347826086,0.9747926268209549,False,1.0
capsule,2,0.9621061029118468,0.9868761758252234,True,1.0
Average,,0.9837455125648185,0.9808542587326942,,1.0
Task_0_Average,0,1.0,0.9808939735519041,,1.0
Task_1_Average,1,0.9891304347826086,0.9747926268209549,,1.0
Task_2_Average,2,0.9621061029118468,0.9868761758252234,,1.0
