class_name,task_id,img_auc,pixel_auc,is_current_task,routing_accuracy
bottle,0,1.0,0.9837533850696961,False,1.0
cable,1,0.9814467766116941,0.9718257953001956,True,1.0
Average,,0.990723388305847,0.9777895901849458,,1.0
Task_0_Average,0,1.0,0.9837533850696961,,1.0
Task_1_Average,1,0.9814467766116941,0.9718257953001956,,1.0
