class_name,task_id,img_auc,pixel_auc,is_current_task,routing_accuracy
candle,0,0.9018999999999999,0.8952395809278106,False,1.0
capsules,1,0.8803333333333334,0.9688648635632292,True,1.0
Average,,0.8911166666666667,0.9320522222455199,,1.0
Task_0_Average,0,0.9018999999999999,0.8952395809278106,,1.0
Task_1_Average,1,0.8803333333333334,0.9688648635632292,,1.0
