class_name,task_id,img_auc,pixel_auc,is_current_task,routing_accuracy
candle,0,0.9018999999999999,0.8952395809278106,True,1.0
Average,,0.9018999999999999,0.8952395809278106,,1.0
Task_0_Average,0,0.9018999999999999,0.8952395809278106,,1.0
