class_name,task_id,img_auc,pixel_auc,is_current_task,routing_accuracy
candle,0,0.9018999999999999,0.8952395809278106,False,1.0
capsules,1,0.8803333333333334,0.9688648635632292,False,1.0
cashew,2,0.9734,0.9813550239832056,False,1.0
chewinggum,3,0.9294,0.9532170711712249,True,1.0
Average,,0.9212583333333333,0.9496691349113675,,1.0
Task_0_Average,0,0.9018999999999999,0.8952395809278106,,1.0
Task_1_Average,1,0.8803333333333334,0.9688648635632292,,1.0
Task_2_Average,2,0.9734,0.9813550239832056,,1.0
Task_3_Average,3,0.9294,0.9532170711712249,,1.0
