class_name,task_id,img_auc,pixel_auc,is_current_task,routing_accuracy
bottle,0,1.0,0.9671657945010448,False,1.0
cable,1,0.9908170914542729,0.9761159535678309,False,1.0
capsule,2,0.9489429597128042,0.9846873714601903,True,1.0
Average,,0.9799200170556923,0.9759897065096886,,1.0
Task_0_Average,0,1.0,0.9671657945010448,,1.0
Task_1_Average,1,0.9908170914542729,0.9761159535678309,,1.0
Task_2_Average,2,0.9489429597128042,0.9846873714601903,,1.0
