class_name,task_id,img_auc,pixel_auc,is_current_task,routing_accuracy
bottle,0,1.0,0.9671657945010448,False,1.0
cable,1,0.9908170914542729,0.9761159535678309,False,1.0
capsule,2,0.9489429597128042,0.9846873714601903,False,1.0
carpet,3,0.9911717495987159,0.9820865947976222,True,1.0
Average,,0.9827329501914482,0.977513928581672,,1.0
Task_0_Average,0,1.0,0.9671657945010448,,1.0
Task_1_Average,1,0.9908170914542729,0.9761159535678309,,1.0
Task_2_Average,2,0.9489429597128042,0.9846873714601903,,1.0
Task_3_Average,3,0.9911717495987159,0.9820865947976222,,1.0
