class_name,task_id,img_auc,pixel_auc,is_current_task,routing_accuracy
bottle,0,1.0,0.9791217448299843,False,1.0
cable,1,0.9936281859070465,0.977016920523895,True,1.0
Average,,0.9968140929535232,0.9780693326769396,,1.0
Task_0_Average,0,1.0,0.9791217448299843,,1.0
Task_1_Average,1,0.9936281859070465,0.977016920523895,,1.0
