class_name,task_id,img_auc,pixel_auc,is_current_task,routing_accuracy
bottle,0,1.0,0.9759694067838435,False,1.0
cable,1,0.9932533733133433,0.9757298913879596,True,1.0
Average,,0.9966266866566716,0.9758496490859015,,1.0
Task_0_Average,0,1.0,0.9759694067838435,,1.0
Task_1_Average,1,0.9932533733133433,0.9757298913879596,,1.0
