class_name,task_id,img_auc,pixel_auc,is_current_task,routing_accuracy
bottle,0,1.0,0.9837817938672594,False,1.0
cable,1,0.9814467766116942,0.9717921753938166,False,1.0
capsule,2,0.9533306741124851,0.9868038057298466,True,1.0
Average,,0.9782591502413931,0.9807925916636409,,1.0
Task_0_Average,0,1.0,0.9837817938672594,,1.0
Task_1_Average,1,0.9814467766116942,0.9717921753938166,,1.0
Task_2_Average,2,0.9533306741124851,0.9868038057298466,,1.0
