class_name,task_id,img_auc,pixel_auc,is_current_task,routing_accuracy
bottle,0,1.0,0.9837817938672594,False,1.0
cable,1,0.9814467766116942,0.9717921753938166,True,1.0
Average,,0.990723388305847,0.977786984630538,,1.0
Task_0_Average,0,1.0,0.9837817938672594,,1.0
Task_1_Average,1,0.9814467766116942,0.9717921753938166,,1.0
