class_name,task_id,img_auc,pixel_auc,is_current_task,routing_accuracy
candle,0,0.8907999999999999,0.8962495386402703,False,1.0
capsules,1,0.8688333333333333,0.9740722494499349,False,1.0
cashew,2,0.9674,0.9837677125102832,False,1.0
chewinggum,3,0.9211999999999999,0.9428523799351632,True,1.0
Average,,0.9120583333333333,0.9492354701339129,,1.0
Task_0_Average,0,0.8907999999999999,0.8962495386402703,,1.0
Task_1_Average,1,0.8688333333333333,0.9740722494499349,,1.0
Task_2_Average,2,0.9674,0.9837677125102832,,1.0
Task_3_Average,3,0.9211999999999999,0.9428523799351632,,1.0
