class_name,task_id,img_auc,pixel_auc,is_current_task,routing_accuracy
candle,0,0.8907999999999999,0.8962495386402703,False,1.0
capsules,1,0.8688333333333333,0.9740722494499349,True,1.0
Average,,0.8798166666666667,0.9351608940451026,,1.0
Task_0_Average,0,0.8907999999999999,0.8962495386402703,,1.0
Task_1_Average,1,0.8688333333333333,0.9740722494499349,,1.0
