class_name,task_id,img_auc,pixel_auc,is_current_task,routing_accuracy
bottle,0,1.0,0.9832797582028844,False,1.0
cable,1,0.988568215892054,0.9766736482067285,True,1.0
Average,,0.994284107946027,0.9799767032048065,,1.0
Task_0_Average,0,1.0,0.9832797582028844,,1.0
Task_1_Average,1,0.988568215892054,0.9766736482067285,,1.0
