class_name,task_id,img_auc,pixel_auc,is_current_task,routing_accuracy
bottle,0,1.0,0.9832797582028844,False,1.0
cable,1,0.988568215892054,0.9766736482067285,False,1.0
capsule,2,0.9644994016753091,0.9864172704600102,True,1.0
Average,,0.9843558725224543,0.982123558956541,,1.0
Task_0_Average,0,1.0,0.9832797582028844,,1.0
Task_1_Average,1,0.988568215892054,0.9766736482067285,,1.0
Task_2_Average,2,0.9644994016753091,0.9864172704600102,,1.0
