class_name,task_id,img_auc,pixel_auc,is_current_task,routing_accuracy
bottle,0,1.0,0.9806327460088827,False,1.0
cable,1,0.6675412293853074,0.5267274424823662,True,1.0
Average,,0.8337706146926537,0.7536800942456245,,1.0
Task_0_Average,0,1.0,0.9806327460088827,,1.0
Task_1_Average,1,0.6675412293853074,0.5267274424823662,,1.0
