class_name,task_id,img_auc,pixel_auc,is_current_task,routing_accuracy
bottle,0,1.0,0.9806327460088827,False,1.0
cable,1,0.6675412293853074,0.5267274424823662,False,1.0
capsule,2,0.514160351017152,0.3706712898621432,True,1.0
Average,,0.7272338601341531,0.6260104927844641,,1.0
Task_0_Average,0,1.0,0.9806327460088827,,1.0
Task_1_Average,1,0.6675412293853074,0.5267274424823662,,1.0
Task_2_Average,2,0.514160351017152,0.3706712898621432,,1.0
