class_name,task_id,img_auc,pixel_auc,is_current_task,routing_accuracy
candle,0,0.7647,0.9603354775511452,False,1.0
capsules,1,0.667,0.9260392905770353,False,1.0
cashew,2,0.7429999999999999,0.9387878854620939,True,1.0
Average,,0.7249,0.9417208845300915,,1.0
Task_0_Average,0,0.7647,0.9603354775511452,,1.0
Task_1_Average,1,0.667,0.9260392905770353,,1.0
Task_2_Average,2,0.7429999999999999,0.9387878854620939,,1.0
