class_name,task_id,img_auc,pixel_auc,is_current_task,routing_accuracy
bottle,0,1.0,0.976477096243195,False,1.0
cable,1,0.9773238380809596,0.9712873935369752,True,1.0
Average,,0.9886619190404797,0.9738822448900851,,1.0
Task_0_Average,0,1.0,0.976477096243195,,1.0
Task_1_Average,1,0.9773238380809596,0.9712873935369752,,1.0
