class_name,task_id,img_auc,pixel_auc,is_current_task,routing_accuracy
bottle,0,1.0,0.976477096243195,False,1.0
cable,1,0.9773238380809596,0.9712873935369752,False,1.0
capsule,2,0.9270043877143996,0.986312160213782,True,1.0
Average,,0.968109408598453,0.9780255499979841,,1.0
Task_0_Average,0,1.0,0.976477096243195,,1.0
Task_1_Average,1,0.9773238380809596,0.9712873935369752,,1.0
Task_2_Average,2,0.9270043877143996,0.986312160213782,,1.0
