class_name,task_id,img_auc,pixel_auc,is_current_task,routing_accuracy
bottle,0,0.9952380952380953,0.9745121353762854,True,1.0
cable,0,0.74643928035982,0.5515649419721486,True,1.0
capsule,0,0.8568009573195055,0.9526091798979115,True,1.0
Average,,0.8661594443058069,0.8262287524154486,,1.0
Task_0_Average,0,0.8661594443058069,0.8262287524154486,,1.0
