class_name,task_id,img_auc,pixel_auc,is_current_task,routing_accuracy
bottle,0,0.9952380952380953,0.9745121353762854,False,1.0
cable,0,0.74643928035982,0.5515649419721486,False,1.0
capsule,0,0.8568009573195055,0.9526091798979115,False,1.0
carpet,1,0.7909309791332262,0.9816238180768616,True,1.0
grid,1,0.45781119465329995,0.8457726869159188,True,1.0
hazelnut,1,0.9964285714285714,0.9798009922243709,True,1.0
Average,,0.8072748463554197,0.8809806257439162,,1.0
Task_0_Average,0,0.8661594443058069,0.8262287524154486,,1.0
Task_1_Average,1,0.7483902484050325,0.9357324990723838,,1.0
