class_name,task_id,img_auc,pixel_auc,is_current_task,routing_accuracy
bottle,0,1.0,0.9838503432607267,False,1.0
cable,1,0.9803223388305847,0.9710528202290041,True,1.0
Average,,0.9901611694152923,0.9774515817448655,,1.0
Task_0_Average,0,1.0,0.9838503432607267,,1.0
Task_1_Average,1,0.9803223388305847,0.9710528202290041,,1.0
