class_name,task_id,img_auc,pixel_auc,is_current_task,routing_accuracy
bottle,0,1.0,0.9838503432607267,False,1.0
cable,1,0.9803223388305847,0.9710528202290041,False,1.0
capsule,2,0.9513362584762665,0.9868434632506876,False,1.0
carpet,3,0.9967897271268058,0.9904137591381282,True,1.0
Average,,0.9821120811084143,0.9830400964696366,,1.0
Task_0_Average,0,1.0,0.9838503432607267,,1.0
Task_1_Average,1,0.9803223388305847,0.9710528202290041,,1.0
Task_2_Average,2,0.9513362584762665,0.9868434632506876,,1.0
Task_3_Average,3,0.9967897271268058,0.9904137591381282,,1.0
