class_name,task_id,img_auc,pixel_auc,is_current_task,routing_accuracy
bottle,0,1.0,0.9761529172461257,False,1.0
cable,1,0.9923163418290855,0.9755971878139643,False,1.0
capsule,2,0.9601116872756282,0.9858145176833463,True,1.0
Average,,0.9841426763682378,0.9791882075811454,,1.0
Task_0_Average,0,1.0,0.9761529172461257,,1.0
Task_1_Average,1,0.9923163418290855,0.9755971878139643,,1.0
Task_2_Average,2,0.9601116872756282,0.9858145176833463,,1.0
