class_name,task_id,img_auc,pixel_auc,is_current_task,routing_accuracy
bottle,0,1.0,0.9761529172461257,False,1.0
cable,1,0.9923163418290855,0.9755971878139643,True,1.0
Average,,0.9961581709145427,0.975875052530045,,1.0
Task_0_Average,0,1.0,0.9761529172461257,,1.0
Task_1_Average,1,0.9923163418290855,0.9755971878139643,,1.0
