class_name,task_id,img_auc,pixel_auc,is_current_task,routing_accuracy
bottle,0,0.9968253968253968,0.974224573226086,True,1.0
cable,0,0.7485007496251874,0.5513941463506413,True,1.0
capsule,0,0.8436378141204628,0.9539968592998878,True,1.0
Average,,0.8629879868570157,0.826538526292205,,1.0
Task_0_Average,0,0.8629879868570157,0.826538526292205,,1.0
