class_name,task_id,img_auc,pixel_auc,is_current_task,routing_accuracy
bottle,0,0.9968253968253968,0.974224573226086,False,1.0
cable,0,0.7485007496251874,0.5513941463506413,False,1.0
capsule,0,0.8436378141204628,0.9539968592998878,False,1.0
carpet,1,0.812199036918138,0.9810756532458407,True,1.0
grid,1,0.45029239766081874,0.8668977182036202,True,1.0
hazelnut,1,0.9960714285714285,0.9796969038401483,True,1.0
Average,,0.8079211372869054,0.8845476423610373,,1.0
Task_0_Average,0,0.8629879868570157,0.826538526292205,,1.0
Task_1_Average,1,0.7528542877167951,0.9425567584298697,,1.0
