class_name,task_id,img_auc,pixel_auc,is_current_task,routing_accuracy
bottle,0,1.0,0.9766925508434083,False,1.0
cable,1,0.9915667166416791,0.9743018829417976,True,1.0
Average,,0.9957833583208395,0.975497216892603,,1.0
Task_0_Average,0,1.0,0.9766925508434083,,1.0
Task_1_Average,1,0.9915667166416791,0.9743018829417976,,1.0
