class_name,task_id,img_auc,pixel_auc,is_current_task,routing_accuracy
bottle,0,1.0,0.9766925508434083,False,1.0
cable,1,0.9915667166416791,0.9743018829417976,False,1.0
capsule,2,0.950538492221779,0.9866491604661868,True,1.0
Average,,0.9807017362878193,0.979214531417131,,1.0
Task_0_Average,0,1.0,0.9766925508434083,,1.0
Task_1_Average,1,0.9915667166416791,0.9743018829417976,,1.0
Task_2_Average,2,0.950538492221779,0.9866491604661868,,1.0
