class_name,task_id,img_auc,pixel_auc,is_current_task,routing_accuracy
bottle,0,1.0,0.9455282565547961,False,1.0
cable,1,0.8673163418290855,0.9075338368978204,False,1.0
capsule,2,0.6597526924611089,0.9291628076495085,True,1.0
Average,,0.842356344763398,0.9274083003673751,,1.0
Task_0_Average,0,1.0,0.9455282565547961,,1.0
Task_1_Average,1,0.8673163418290855,0.9075338368978204,,1.0
Task_2_Average,2,0.6597526924611089,0.9291628076495085,,1.0
