class_name,task_id,img_auc,pixel_auc,is_current_task,routing_accuracy
bottle,0,1.0,0.9451736943638259,False,1.0
cable,1,0.8690029985007497,0.9075321589317458,True,1.0
Average,,0.9345014992503748,0.9263529266477859,,1.0
Task_0_Average,0,1.0,0.9451736943638259,,1.0
Task_1_Average,1,0.8690029985007497,0.9075321589317458,,1.0
