class_name,task_id,img_auc,pixel_auc,is_current_task,routing_accuracy
bottle,0,1.0,0.9456485644889687,False,1.0
cable,1,0.866191904047976,0.9075048986053625,False,1.0
capsule,2,0.6589549262066215,0.9293306096245787,False,1.0
carpet,3,0.9622792937399679,0.9586454751996736,True,1.0
Average,,0.8718565309986414,0.9352823869796458,,1.0
Task_0_Average,0,1.0,0.9456485644889687,,1.0
Task_1_Average,1,0.866191904047976,0.9075048986053625,,1.0
Task_2_Average,2,0.6589549262066215,0.9293306096245787,,1.0
Task_3_Average,3,0.9622792937399679,0.9586454751996736,,1.0
