class_name,task_id,img_auc,pixel_auc,is_current_task,routing_accuracy
leather,0,0.9996603260869565,0.8899567042209005,True,1.0
Average,,0.9996603260869565,0.8899567042209005,,1.0
Task_0_Average,0,0.9996603260869565,0.8899567042209005,,1.0
