class_name,task_id,img_auc,pixel_auc,is_current_task,routing_accuracy
leather,0,1.0,0.9422867896545135,False,1.0
grid,1,0.8805346700083543,0.898076066505563,False,1.0
transistor,2,0.7504166666666666,0.9244738590552256,False,1.0
screw,3,0.5035868005738882,0.852455171693885,True,1.0
Average,,0.7836345343122273,0.9043229717272967,,1.0
Task_0_Average,0,1.0,0.9422867896545135,,1.0
Task_1_Average,1,0.8805346700083543,0.898076066505563,,1.0
Task_2_Average,2,0.7504166666666666,0.9244738590552256,,1.0
Task_3_Average,3,0.5035868005738882,0.852455171693885,,1.0
