class_name,task_id,img_auc,pixel_auc,is_current_task,routing_accuracy
bottle,0,1.0,0.9669986473871408,False,1.0
cable,1,0.9878185907046476,0.9740139021705067,False,1.0
capsule,2,0.5987235739928201,0.10924766810316831,True,1.0
Average,,0.8621807215658226,0.6834200725536053,,1.0
Task_0_Average,0,1.0,0.9669986473871408,,1.0
Task_1_Average,1,0.9878185907046476,0.9740139021705067,,1.0
Task_2_Average,2,0.5987235739928201,0.10924766810316831,,1.0
