class_name,task_id,img_auc,pixel_auc,is_current_task,routing_accuracy
bottle,0,1.0,0.9669986473871408,False,1.0
cable,1,0.9878185907046476,0.9740139021705067,True,1.0
Average,,0.9939092953523239,0.9705062747788238,,1.0
Task_0_Average,0,1.0,0.9669986473871408,,1.0
Task_1_Average,1,0.9878185907046476,0.9740139021705067,,1.0
