class_name,task_id,img_auc,pixel_auc,is_current_task,routing_accuracy
bottle,0,1.0,0.9669986473871408,False,1.0
cable,1,0.9878185907046476,0.9740139021705067,False,1.0
capsule,2,0.5987235739928201,0.10924766810316831,False,1.0
carpet,3,0.46508828250401285,0.16002748250858723,True,1.0
Average,,0.7629076118003701,0.5525719250423508,,1.0
Task_0_Average,0,1.0,0.9669986473871408,,1.0
Task_1_Average,1,0.9878185907046476,0.9740139021705067,,1.0
Task_2_Average,2,0.5987235739928201,0.10924766810316831,,1.0
Task_3_Average,3,0.46508828250401285,0.16002748250858723,,1.0
