class_name,task_id,img_auc,pixel_auc,is_current_task,routing_accuracy
bottle,0,1.0,0.9694057526961817,False,1.0
cable,1,0.9795727136431784,0.9675409540405425,True,1.0
Average,,0.9897863568215892,0.968473353368362,,1.0
Task_0_Average,0,1.0,0.9694057526961817,,1.0
Task_1_Average,1,0.9795727136431784,0.9675409540405425,,1.0
