class_name,task_id,img_auc,pixel_auc,is_current_task,routing_accuracy
bottle,0,1.0,0.9694057526961817,False,1.0
cable,1,0.9795727136431784,0.9675409540405425,False,1.0
capsule,2,0.8974870362983646,0.9855825544102771,True,1.0
Average,,0.959019916647181,0.9741764203823338,,1.0
Task_0_Average,0,1.0,0.9694057526961817,,1.0
Task_1_Average,1,0.9795727136431784,0.9675409540405425,,1.0
Task_2_Average,2,0.8974870362983646,0.9855825544102771,,1.0
