class_name,task_id,img_auc,pixel_auc,is_current_task,routing_accuracy
bottle,0,1.0,0.9411815057621942,False,1.0
cable,1,0.9349700149925038,0.9084222179335855,True,1.0
Average,,0.9674850074962519,0.9248018618478898,,1.0
Task_0_Average,0,1.0,0.9411815057621942,,1.0
Task_1_Average,1,0.9349700149925038,0.9084222179335855,,1.0
