class_name,task_id,img_auc,pixel_auc,is_current_task,routing_accuracy
bottle,0,1.0,0.9701008893853758,False,1.0
cable,1,0.9891304347826086,0.9719275158015939,False,1.0
capsule,2,0.947746310331073,0.9868659205382536,True,1.0
Average,,0.9789589150378939,0.9762981085750745,,1.0
Task_0_Average,0,1.0,0.9701008893853758,,1.0
Task_1_Average,1,0.9891304347826086,0.9719275158015939,,1.0
Task_2_Average,2,0.947746310331073,0.9868659205382536,,1.0
