class_name,task_id,img_auc,pixel_auc,is_current_task,routing_accuracy
bottle,0,1.0,0.9799670040421485,False,1.0
cable,1,0.9878185907046476,0.975987095534212,False,1.0
capsule,2,0.963302752293578,0.9860826661717242,False,1.0
carpet,3,0.9943820224719101,0.987926486464196,True,1.0
Average,,0.986375841367534,0.9824908130530702,,1.0
Task_0_Average,0,1.0,0.9799670040421485,,1.0
Task_1_Average,1,0.9878185907046476,0.975987095534212,,1.0
Task_2_Average,2,0.963302752293578,0.9860826661717242,,1.0
Task_3_Average,3,0.9943820224719101,0.987926486464196,,1.0
