class_name,task_id,img_auc,pixel_auc,is_current_task,routing_accuracy
bottle,0,1.0,0.9614405586258851,False,1.0
cable,1,0.9782608695652174,0.9688490859079991,True,1.0
Average,,0.9891304347826086,0.9651448222669421,,1.0
Task_0_Average,0,1.0,0.9614405586258851,,1.0
Task_1_Average,1,0.9782608695652174,0.9688490859079991,,1.0
