class_name,task_id,img_auc,pixel_auc,is_current_task,routing_accuracy
bottle,0,1.0,0.9588291471851399,False,1.0
cable,1,0.9846326836581708,0.9721113056246256,True,1.0
Average,,0.9923163418290855,0.9654702264048827,,1.0
Task_0_Average,0,1.0,0.9588291471851399,,1.0
Task_1_Average,1,0.9846326836581708,0.9721113056246256,,1.0
