class_name,task_id,img_auc,pixel_auc,is_current_task,routing_accuracy
bottle,0,1.0,0.9588291471851399,False,1.0
cable,1,0.9846326836581708,0.9721113056246256,False,1.0
capsule,2,0.8671719186278422,0.9834958967007263,False,1.0
carpet,3,0.9875601926163723,0.9800591956016849,True,1.0
Average,,0.9598411987255964,0.9736238862780442,,1.0
Task_0_Average,0,1.0,0.9588291471851399,,1.0
Task_1_Average,1,0.9846326836581708,0.9721113056246256,,1.0
Task_2_Average,2,0.8671719186278422,0.9834958967007263,,1.0
Task_3_Average,3,0.9875601926163723,0.9800591956016849,,1.0
