class_name,task_id,img_auc,pixel_auc,is_current_task,routing_accuracy
bottle,0,1.0,0.982570607005425,False,1.0
cable,1,0.9868815592203898,0.9764422516097703,True,1.0
Average,,0.993440779610195,0.9795064293075977,,1.0
Task_0_Average,0,1.0,0.982570607005425,,1.0
Task_1_Average,1,0.9868815592203898,0.9764422516097703,,1.0
