class_name,task_id,img_auc,pixel_auc,is_current_task,routing_accuracy
bottle,0,0.638095238095238,0.8300364934546463,False,1.0
cable,1,0.8594452773613194,0.9078790152333728,False,1.0
capsule,2,0.6693258875149581,0.9384363356751172,True,1.0
Average,,0.7222888009905052,0.8921172814543787,,1.0
Task_0_Average,0,0.638095238095238,0.8300364934546463,,1.0
Task_1_Average,1,0.8594452773613194,0.9078790152333728,,1.0
Task_2_Average,2,0.6693258875149581,0.9384363356751172,,1.0
