class_name,task_id,img_auc,pixel_auc,is_current_task,routing_accuracy
bottle,0,0.46428571428571425,0.6482886782981293,False,1.0
cable,1,0.8712518740629684,0.904148358998746,False,1.0
capsule,2,0.6713203031511766,0.9355075853473861,False,1.0
carpet,3,0.9606741573033708,0.9554659677356612,True,1.0
Average,,0.7418830122008075,0.8608526475949806,,1.0
Task_0_Average,0,0.46428571428571425,0.6482886782981293,,1.0
Task_1_Average,1,0.8712518740629684,0.904148358998746,,1.0
Task_2_Average,2,0.6713203031511766,0.9355075853473861,,1.0
Task_3_Average,3,0.9606741573033708,0.9554659677356612,,1.0
