class_name,task_id,img_auc,pixel_auc,is_current_task,routing_accuracy
bottle,0,0.9571428571428571,0.9226528781339547,False,1.0
cable,1,0.8663793103448276,0.9082357737306375,True,1.0
Average,,0.9117610837438423,0.9154443259322961,,1.0
Task_0_Average,0,0.9571428571428571,0.9226528781339547,,1.0
Task_1_Average,1,0.8663793103448276,0.9082357737306375,,1.0
