class_name,task_id,img_auc,pixel_auc,is_current_task,routing_accuracy
leather,0,0.9996603260869565,0.9012282084545412,False,1.0
grid,1,0.9949874686716792,0.9730928218340451,True,1.0
Average,,0.9973238973793179,0.9371605151442932,,1.0
Task_0_Average,0,0.9996603260869565,0.9012282084545412,,1.0
Task_1_Average,1,0.9949874686716792,0.9730928218340451,,1.0
