class_name,task_id,img_auc,pixel_auc,is_current_task,routing_accuracy
bottle,0,1.0,0.9829468262949693,False,1.0
cable,1,0.9900674662668665,0.9757085558662781,False,1.0
capsule,2,0.9644994016753092,0.9864345742648712,True,1.0
Average,,0.9848556226473919,0.9816966521420395,,1.0
Task_0_Average,0,1.0,0.9829468262949693,,1.0
Task_1_Average,1,0.9900674662668665,0.9757085558662781,,1.0
Task_2_Average,2,0.9644994016753092,0.9864345742648712,,1.0
