class_name,task_id,img_auc,pixel_auc,is_current_task,routing_accuracy
bottle,0,1.0,0.9829468262949693,False,1.0
cable,1,0.9900674662668665,0.9757085558662781,True,1.0
Average,,0.9950337331334332,0.9793276910806237,,1.0
Task_0_Average,0,1.0,0.9829468262949693,,1.0
Task_1_Average,1,0.9900674662668665,0.9757085558662781,,1.0
