class_name,task_id,img_auc,pixel_auc,is_current_task,routing_accuracy
candle,0,0.8901000000000001,0.8595837153514576,False,1.0
capsules,1,0.887,0.9485196600576484,True,1.0
Average,,0.8885500000000001,0.904051687704553,,1.0
Task_0_Average,0,0.8901000000000001,0.8595837153514576,,1.0
Task_1_Average,1,0.887,0.9485196600576484,,1.0
