class_name,task_id,img_auc,pixel_auc,is_current_task,routing_accuracy
bottle,0,0.5944444444444444,0.16414572390455717,False,1.0
cable,1,0.6815967016491754,0.7718844934935939,False,1.0
capsule,2,0.6745113681691264,0.9256156896492899,False,1.0
carpet,3,0.9751203852327447,0.988976923965385,True,1.0
Average,,0.7314182248738728,0.7126557077532065,,1.0
Task_0_Average,0,0.5944444444444444,0.16414572390455717,,1.0
Task_1_Average,1,0.6815967016491754,0.7718844934935939,,1.0
Task_2_Average,2,0.6745113681691264,0.9256156896492899,,1.0
Task_3_Average,3,0.9751203852327447,0.988976923965385,,1.0
