class_name,task_id,img_auc,pixel_auc,is_current_task,routing_accuracy
bottle,0,0.615079365079365,0.20313810472251922,False,1.0
cable,1,0.7288230884557722,0.8295511531549757,False,1.0
capsule,2,0.8747506980454727,0.9704274822478831,True,1.0
Average,,0.73955105052687,0.6677055800417927,,1.0
Task_0_Average,0,0.615079365079365,0.20313810472251922,,1.0
Task_1_Average,1,0.7288230884557722,0.8295511531549757,,1.0
Task_2_Average,2,0.8747506980454727,0.9704274822478831,,1.0
