class_name,task_id,img_auc,pixel_auc,is_current_task,routing_accuracy
bottle,0,0.6333333333333333,0.2971121234117251,False,1.0
cable,1,0.9016116941529235,0.9289480025877974,True,1.0
Average,,0.7674725137431284,0.6130300629997613,,1.0
Task_0_Average,0,0.6333333333333333,0.2971121234117251,,1.0
Task_1_Average,1,0.9016116941529235,0.9289480025877974,,1.0
