class_name,task_id,img_auc,pixel_auc,is_current_task,routing_accuracy
leather,0,1.0,0.9677477455644581,False,1.0
grid,1,0.9156223893065999,0.8986806393834703,False,1.0
transistor,2,0.8079166666666666,0.9393038497732004,False,1.0
screw,3,0.4271367083418734,0.827543986819058,True,1.0
Average,,0.787668941078785,0.9083190553850466,,1.0
Task_0_Average,0,1.0,0.9677477455644581,,1.0
Task_1_Average,1,0.9156223893065999,0.8986806393834703,,1.0
Task_2_Average,2,0.8079166666666666,0.9393038497732004,,1.0
Task_3_Average,3,0.4271367083418734,0.827543986819058,,1.0
