class_name,task_id,img_auc,pixel_auc,is_current_task,routing_accuracy
leather,0,1.0,0.9677477455644581,False,1.0
grid,1,0.9156223893065999,0.8986806393834703,True,1.0
Average,,0.9578111946532999,0.9332141924739642,,1.0
Task_0_Average,0,1.0,0.9677477455644581,,1.0
Task_1_Average,1,0.9156223893065999,0.8986806393834703,,1.0
