class_name,task_id,img_auc,pixel_auc,is_current_task,routing_accuracy
candle,0,0.8288000000000001,0.9766847570220545,False,1.0
capsules,1,0.6686666666666666,0.9275757154311705,True,1.0
Average,,0.7487333333333334,0.9521302362266124,,1.0
Task_0_Average,0,0.8288000000000001,0.9766847570220545,,1.0
Task_1_Average,1,0.6686666666666666,0.9275757154311705,,1.0
