class_name,task_id,img_auc,pixel_auc,is_current_task,routing_accuracy
candle,0,0.8288000000000001,0.9766847570220545,False,1.0
capsules,1,0.6686666666666666,0.9275757154311705,False,1.0
cashew,2,0.8071999999999999,0.9726668837681556,True,1.0
Average,,0.7682222222222223,0.9589757854071269,,1.0
Task_0_Average,0,0.8288000000000001,0.9766847570220545,,1.0
Task_1_Average,1,0.6686666666666666,0.9275757154311705,,1.0
Task_2_Average,2,0.8071999999999999,0.9726668837681556,,1.0
