class_name,task_id,img_auc,pixel_auc,is_current_task,routing_accuracy
candle,0,0.8991,0.8918665058980182,False,1.0
capsules,1,0.8766666666666666,0.966549979168907,True,1.0
Average,,0.8878833333333334,0.9292082425334626,,1.0
Task_0_Average,0,0.8991,0.8918665058980182,,1.0
Task_1_Average,1,0.8766666666666666,0.966549979168907,,1.0
