class_name,task_id,img_auc,pixel_auc,is_current_task,routing_accuracy
candle,0,0.8991,0.8918665058980182,False,1.0
capsules,1,0.8766666666666666,0.966549979168907,False,1.0
cashew,2,0.9722,0.9806795695053636,False,1.0
chewinggum,3,0.9358,0.9526683021011637,True,1.0
Average,,0.9209416666666667,0.9479410891683631,,1.0
Task_0_Average,0,0.8991,0.8918665058980182,,1.0
Task_1_Average,1,0.8766666666666666,0.966549979168907,,1.0
Task_2_Average,2,0.9722,0.9806795695053636,,1.0
Task_3_Average,3,0.9358,0.9526683021011637,,1.0
