class_name,task_id,img_auc,pixel_auc,is_current_task,routing_accuracy
bottle,0,1.0,0.9826587443980519,False,1.0
cable,1,0.9902548725637181,0.9761495768150206,False,1.0
capsule,2,0.9724770642201835,0.9864910870381844,True,1.0
Average,,0.9875773122613006,0.9817664694170857,,1.0
Task_0_Average,0,1.0,0.9826587443980519,,1.0
Task_1_Average,1,0.9902548725637181,0.9761495768150206,,1.0
Task_2_Average,2,0.9724770642201835,0.9864910870381844,,1.0
