class_name,task_id,img_auc,pixel_auc,is_current_task,routing_accuracy
bottle,0,1.0,0.9826925865905306,False,1.0
cable,1,0.9930659670164919,0.9759291645347135,True,1.0
Average,,0.9965329835082459,0.9793108755626221,,1.0
Task_0_Average,0,1.0,0.9826925865905306,,1.0
Task_1_Average,1,0.9930659670164919,0.9759291645347135,,1.0
