class_name,task_id,img_auc,pixel_auc,is_current_task,routing_accuracy
bottle,0,1.0,0.9826925865905306,False,1.0
cable,1,0.9930659670164919,0.9759291645347135,False,1.0
capsule,2,0.9613083366573594,0.985953867257428,True,1.0
Average,,0.9847914345579504,0.9815252061275573,,1.0
Task_0_Average,0,1.0,0.9826925865905306,,1.0
Task_1_Average,1,0.9930659670164919,0.9759291645347135,,1.0
Task_2_Average,2,0.9613083366573594,0.985953867257428,,1.0
