class_name,task_id,img_auc,pixel_auc,is_current_task,routing_accuracy
bottle,0,1.0,0.9679815872346468,False,1.0
cable,1,0.9902548725637181,0.9751855312984089,True,1.0
Average,,0.9951274362818591,0.9715835592665278,,1.0
Task_0_Average,0,1.0,0.9679815872346468,,1.0
Task_1_Average,1,0.9902548725637181,0.9751855312984089,,1.0
