class_name,task_id,img_auc,pixel_auc,is_current_task,routing_accuracy
bottle,0,1.0,0.9833839662257703,False,1.0
cable,1,0.9910044977511244,0.9768893834617093,True,1.0
Average,,0.9955022488755623,0.9801366748437398,,1.0
Task_0_Average,0,1.0,0.9833839662257703,,1.0
Task_1_Average,1,0.9910044977511244,0.9768893834617093,,1.0
