class_name,task_id,img_auc,pixel_auc,is_current_task,routing_accuracy
bottle,0,1.0,0.9833839662257703,False,1.0
cable,1,0.9910044977511244,0.9768893834617093,False,1.0
capsule,2,0.9648982848025529,0.9863203119186561,True,1.0
Average,,0.9853009275178924,0.9821978872020453,,1.0
Task_0_Average,0,1.0,0.9833839662257703,,1.0
Task_1_Average,1,0.9910044977511244,0.9768893834617093,,1.0
Task_2_Average,2,0.9648982848025529,0.9863203119186561,,1.0
