class_name,task_id,img_auc,pixel_auc,is_current_task,routing_accuracy
bottle,0,1.0,0.9820554516408464,False,1.0
cable,1,0.6491754122938531,0.5946733057543616,True,1.0
Average,,0.8245877061469266,0.788364378697604,,1.0
Task_0_Average,0,1.0,0.9820554516408464,,1.0
Task_1_Average,1,0.6491754122938531,0.5946733057543616,,1.0
