class_name,task_id,img_auc,pixel_auc,is_current_task,routing_accuracy
bottle,0,1.0,0.9769646603882638,False,1.0
cable,1,0.9930659670164917,0.9766265763875149,False,1.0
capsule,2,0.9644994016753092,0.9860588884754607,True,1.0
Average,,0.9858551228972671,0.9798833750837465,,1.0
Task_0_Average,0,1.0,0.9769646603882638,,1.0
Task_1_Average,1,0.9930659670164917,0.9766265763875149,,1.0
Task_2_Average,2,0.9644994016753092,0.9860588884754607,,1.0
