class_name,task_id,img_auc,pixel_auc,is_current_task,routing_accuracy
bottle,0,1.0,0.9763633089175469,False,1.0
cable,1,0.9747001499250375,0.9758477335498386,True,1.0
Average,,0.9873500749625188,0.9761055212336927,,1.0
Task_0_Average,0,1.0,0.9763633089175469,,1.0
Task_1_Average,1,0.9747001499250375,0.9758477335498386,,1.0
