class_name,task_id,img_auc,pixel_auc,is_current_task,routing_accuracy
bottle,0,1.0,0.9763633089175469,False,1.0
cable,1,0.9747001499250375,0.9758477335498386,False,1.0
capsule,2,0.9708815317112086,0.9870575716722103,False,1.0
carpet,3,0.9963884430176566,0.9870368898606723,True,1.0
Average,,0.9854925311634757,0.9815763760000669,,1.0
Task_0_Average,0,1.0,0.9763633089175469,,1.0
Task_1_Average,1,0.9747001499250375,0.9758477335498386,,1.0
Task_2_Average,2,0.9708815317112086,0.9870575716722103,,1.0
Task_3_Average,3,0.9963884430176566,0.9870368898606723,,1.0
