class_name,task_id,img_auc,pixel_auc,is_current_task,routing_accuracy
bottle,0,1.0,0.9763633089175469,False,1.0
cable,1,0.9747001499250375,0.9758477335498386,False,1.0
capsule,2,0.9708815317112086,0.9870575716722103,True,1.0
Average,,0.9818605605454155,0.9797562047131985,,1.0
Task_0_Average,0,1.0,0.9763633089175469,,1.0
Task_1_Average,1,0.9747001499250375,0.9758477335498386,,1.0
Task_2_Average,2,0.9708815317112086,0.9870575716722103,,1.0
