class_name,task_id,img_auc,pixel_auc,is_current_task,routing_accuracy
bottle,0,1.0,0.9837348553738707,False,1.0
cable,1,0.983695652173913,0.9716190681832927,False,1.0
capsule,2,0.9509373753490228,0.9867640023343993,False,1.0
carpet,3,0.9951845906902086,0.9904134781572578,True,1.0
Average,,0.9824544045532861,0.983132851012205,,1.0
Task_0_Average,0,1.0,0.9837348553738707,,1.0
Task_1_Average,1,0.983695652173913,0.9716190681832927,,1.0
Task_2_Average,2,0.9509373753490228,0.9867640023343993,,1.0
Task_3_Average,3,0.9951845906902086,0.9904134781572578,,1.0
