class_name,task_id,img_auc,pixel_auc,is_current_task,routing_accuracy
bottle,0,1.0,0.9837348553738707,False,1.0
cable,1,0.9891304347826088,0.9739186055678529,True,1.0
Average,,0.9945652173913044,0.9788267304708618,,1.0
Task_0_Average,0,1.0,0.9837348553738707,,1.0
Task_1_Average,1,0.9891304347826088,0.9739186055678529,,1.0
