class_name,task_id,img_auc,pixel_auc,is_current_task,routing_accuracy
bottle,0,1.0,0.9667376747459432,False,1.0
cable,1,0.9930659670164917,0.9762150829550672,False,1.0
capsule,2,0.9629038691663343,0.9845635512869412,True,1.0
Average,,0.9853232787276087,0.9758387696626505,,1.0
Task_0_Average,0,1.0,0.9667376747459432,,1.0
Task_1_Average,1,0.9930659670164917,0.9762150829550672,,1.0
Task_2_Average,2,0.9629038691663343,0.9845635512869412,,1.0
