class_name,task_id,img_auc,pixel_auc,is_current_task,routing_accuracy
bottle,0,1.0,0.9667376747459432,False,1.0
cable,1,0.9930659670164917,0.9762150829550672,False,1.0
capsule,2,0.9629038691663343,0.9845635512869412,False,1.0
carpet,3,0.9907704654895666,0.9816698517217958,True,1.0
Average,,0.9866850754180982,0.9772965401774368,,1.0
Task_0_Average,0,1.0,0.9667376747459432,,1.0
Task_1_Average,1,0.9930659670164917,0.9762150829550672,,1.0
Task_2_Average,2,0.9629038691663343,0.9845635512869412,,1.0
Task_3_Average,3,0.9907704654895666,0.9816698517217958,,1.0
