class_name,task_id,img_auc,pixel_auc,is_current_task,routing_accuracy
bottle,0,1.0,0.9667376747459432,False,1.0
cable,1,0.9930659670164917,0.9762150829550672,True,1.0
Average,,0.9965329835082459,0.9714763788505052,,1.0
Task_0_Average,0,1.0,0.9667376747459432,,1.0
Task_1_Average,1,0.9930659670164917,0.9762150829550672,,1.0
