class_name,task_id,img_auc,pixel_auc,is_current_task,routing_accuracy
candle,0,0.8932,0.8915140919789056,False,1.0
capsules,1,0.8691666666666666,0.9645389546660786,False,1.0
cashew,2,0.9726,0.9808737593600817,True,1.0
Average,,0.9116555555555556,0.9456422686683553,,1.0
Task_0_Average,0,0.8932,0.8915140919789056,,1.0
Task_1_Average,1,0.8691666666666666,0.9645389546660786,,1.0
Task_2_Average,2,0.9726,0.9808737593600817,,1.0
