class_name,task_id,img_auc,pixel_auc,is_current_task,routing_accuracy
candle,0,0.8932,0.8915140919789056,False,1.0
capsules,1,0.8691666666666666,0.9645389546660786,False,1.0
cashew,2,0.9726,0.9808737593600817,False,1.0
chewinggum,3,0.9153999999999999,0.9349477439834595,True,1.0
Average,,0.9125916666666667,0.9429686374971313,,1.0
Task_0_Average,0,0.8932,0.8915140919789056,,1.0
Task_1_Average,1,0.8691666666666666,0.9645389546660786,,1.0
Task_2_Average,2,0.9726,0.9808737593600817,,1.0
Task_3_Average,3,0.9153999999999999,0.9349477439834595,,1.0
