class_name,task_id,img_auc,pixel_auc,is_current_task,routing_accuracy
leather,0,1.0,0.9283896666636399,False,1.0
grid,1,0.7059314954051796,0.766994626649883,False,1.0
transistor,2,0.7175,0.8820243071732078,True,1.0
Average,,0.8078104984683933,0.8591362001622436,,1.0
Task_0_Average,0,1.0,0.9283896666636399,,1.0
Task_1_Average,1,0.7059314954051796,0.766994626649883,,1.0
Task_2_Average,2,0.7175,0.8820243071732078,,1.0
