class_name,task_id,img_auc,pixel_auc,is_current_task,routing_accuracy
leather,0,1.0,0.9283896666636399,False,1.0
grid,1,0.7059314954051796,0.766994626649883,True,1.0
Average,,0.8529657477025898,0.8476921466567615,,1.0
Task_0_Average,0,1.0,0.9283896666636399,,1.0
Task_1_Average,1,0.7059314954051796,0.766994626649883,,1.0
