class_name,task_id,img_auc,pixel_auc,is_current_task,routing_accuracy
bottle,0,1.0,0.9819762456783161,False,1.0
cable,1,0.9895052473763118,0.9772566289656682,False,1.0
capsule,2,0.9648982848025529,0.9868047896077968,False,1.0
carpet,3,0.9963884430176565,0.9887013173780231,True,1.0
Average,,0.9876979937991303,0.9836847454074511,,1.0
Task_0_Average,0,1.0,0.9819762456783161,,1.0
Task_1_Average,1,0.9895052473763118,0.9772566289656682,,1.0
Task_2_Average,2,0.9648982848025529,0.9868047896077968,,1.0
Task_3_Average,3,0.9963884430176565,0.9887013173780231,,1.0
