class_name,task_id,img_auc,pixel_auc,is_current_task,routing_accuracy
bottle,0,1.0,0.9819762456783161,False,1.0
cable,1,0.9895052473763118,0.9772566289656682,True,1.0
Average,,0.9947526236881559,0.9796164373219922,,1.0
Task_0_Average,0,1.0,0.9819762456783161,,1.0
Task_1_Average,1,0.9895052473763118,0.9772566289656682,,1.0
