class_name,task_id,img_auc,pixel_auc,is_current_task,routing_accuracy
bottle,0,1.0,0.9803517843830584,False,1.0
cable,1,0.989880059970015,0.9748381821271137,False,1.0
capsule,2,0.9629038691663343,0.9869482067393226,True,1.0
Average,,0.9842613097121165,0.9807127244164983,,1.0
Task_0_Average,0,1.0,0.9803517843830584,,1.0
Task_1_Average,1,0.989880059970015,0.9748381821271137,,1.0
Task_2_Average,2,0.9629038691663343,0.9869482067393226,,1.0
