class_name,task_id,img_auc,pixel_auc,is_current_task,routing_accuracy
bottle,0,1.0,0.9831527399643165,False,1.0
cable,1,0.9842578710644678,0.9719815842322256,True,1.0
Average,,0.9921289355322339,0.9775671620982711,,1.0
Task_0_Average,0,1.0,0.9831527399643165,,1.0
Task_1_Average,1,0.9842578710644678,0.9719815842322256,,1.0
