class_name,task_id,img_auc,pixel_auc,is_current_task,routing_accuracy
bottle,0,1.0,0.9831527399643165,False,1.0
cable,1,0.9842578710644678,0.9719815842322256,False,1.0
capsule,2,0.9672915835660152,0.986658241820487,True,1.0
Average,,0.983849818210161,0.9805975220056764,,1.0
Task_0_Average,0,1.0,0.9831527399643165,,1.0
Task_1_Average,1,0.9842578710644678,0.9719815842322256,,1.0
Task_2_Average,2,0.9672915835660152,0.986658241820487,,1.0
