class_name,task_id,img_auc,pixel_auc,is_current_task,routing_accuracy
bottle,0,1.0,0.9826759985800183,False,1.0
cable,1,0.9910044977511245,0.9765564258586857,False,1.0
capsule,2,0.973274830474671,0.9865591407602288,False,1.0
carpet,3,0.9955858747993579,0.9893278891234933,True,1.0
Average,,0.9899663007562883,0.9837798635806065,,1.0
Task_0_Average,0,1.0,0.9826759985800183,,1.0
Task_1_Average,1,0.9910044977511245,0.9765564258586857,,1.0
Task_2_Average,2,0.973274830474671,0.9865591407602288,,1.0
Task_3_Average,3,0.9955858747993579,0.9893278891234933,,1.0
