class_name,task_id,img_auc,pixel_auc,is_current_task,routing_accuracy
bottle,0,1.0,0.9773635725834727,False,1.0
cable,1,0.9925037481259371,0.9768494654816698,False,1.0
capsule,2,0.9601116872756282,0.9859606290886097,False,1.0
carpet,3,0.9895666131621187,0.9859167403408172,True,1.0
Average,,0.985545512140921,0.9815226018736424,,1.0
Task_0_Average,0,1.0,0.9773635725834727,,1.0
Task_1_Average,1,0.9925037481259371,0.9768494654816698,,1.0
Task_2_Average,2,0.9601116872756282,0.9859606290886097,,1.0
Task_3_Average,3,0.9895666131621187,0.9859167403408172,,1.0
