class_name,task_id,img_auc,pixel_auc,is_current_task,routing_accuracy
bottle,0,1.0,0.9670926820345948,False,1.0
cable,1,0.9923163418290855,0.973954469308824,True,1.0
Average,,0.9961581709145427,0.9705235756717094,,1.0
Task_0_Average,0,1.0,0.9670926820345948,,1.0
Task_1_Average,1,0.9923163418290855,0.973954469308824,,1.0
