class_name,task_id,img_auc,pixel_auc,is_current_task,routing_accuracy
candle,0,0.8236,0.9663528717871321,False,1.0
capsules,1,0.6853333333333333,0.9548095916843113,True,1.0
Average,,0.7544666666666666,0.9605812317357217,,1.0
Task_0_Average,0,0.8236,0.9663528717871321,,1.0
Task_1_Average,1,0.6853333333333333,0.9548095916843113,,1.0
