class_name,task_id,img_auc,pixel_auc,is_current_task,routing_accuracy
candle,0,0.8236,0.9663528717871321,False,1.0
capsules,1,0.6853333333333333,0.9548095916843113,False,1.0
cashew,2,0.8305999999999999,0.974787891164928,False,1.0
chewinggum,3,0.8424,0.9860429667887425,True,1.0
Average,,0.7954833333333333,0.9704983303562784,,1.0
Task_0_Average,0,0.8236,0.9663528717871321,,1.0
Task_1_Average,1,0.6853333333333333,0.9548095916843113,,1.0
Task_2_Average,2,0.8305999999999999,0.974787891164928,,1.0
Task_3_Average,3,0.8424,0.9860429667887425,,1.0
