class_name,task_id,img_auc,pixel_auc,is_current_task,routing_accuracy
candle,0,0.82,0.9845309263865485,False,1.0
capsules,1,0.6966666666666668,0.9370164899326648,False,1.0
cashew,2,0.8474,0.9759004978077789,False,1.0
chewinggum,3,0.9542,0.9867707507915022,True,1.0
Average,,0.8295666666666667,0.9710546662296236,,1.0
Task_0_Average,0,0.82,0.9845309263865485,,1.0
Task_1_Average,1,0.6966666666666668,0.9370164899326648,,1.0
Task_2_Average,2,0.8474,0.9759004978077789,,1.0
Task_3_Average,3,0.9542,0.9867707507915022,,1.0
