class_name,task_id,img_auc,pixel_auc,is_current_task,routing_accuracy
candle,0,0.82,0.9845309263865485,False,1.0
capsules,1,0.6966666666666668,0.9370164899326648,True,1.0
Average,,0.7583333333333333,0.9607737081596066,,1.0
Task_0_Average,0,0.82,0.9845309263865485,,1.0
Task_1_Average,1,0.6966666666666668,0.9370164899326648,,1.0
