class_name,task_id,img_auc,pixel_auc,is_current_task,routing_accuracy
candle,0,0.8859,0.8602311348307486,False,1.0
capsules,1,0.8923333333333333,0.9493710051911514,True,1.0
Average,,0.8891166666666667,0.90480107001095,,1.0
Task_0_Average,0,0.8859,0.8602311348307486,,1.0
Task_1_Average,1,0.8923333333333333,0.9493710051911514,,1.0
