class_name,task_id,img_auc,pixel_auc,is_current_task,routing_accuracy
candle,0,0.8859,0.8602311348307486,False,1.0
capsules,1,0.8923333333333333,0.9493710051911514,False,1.0
cashew,2,0.9802,0.9798810339826751,False,1.0
chewinggum,3,0.9306,0.9482779682401502,True,1.0
Average,,0.9222583333333334,0.9344402855611813,,1.0
Task_0_Average,0,0.8859,0.8602311348307486,,1.0
Task_1_Average,1,0.8923333333333333,0.9493710051911514,,1.0
Task_2_Average,2,0.9802,0.9798810339826751,,1.0
Task_3_Average,3,0.9306,0.9482779682401502,,1.0
