class_name,task_id,img_auc,pixel_auc,is_current_task,routing_accuracy
bottle,0,1.0,0.9643291932481918,False,1.0
cable,1,0.9917541229385307,0.9751261795246695,False,1.0
capsule,2,0.9513362584762665,0.9854047343223834,True,1.0
Average,,0.9810301271382658,0.9749533690317481,,1.0
Task_0_Average,0,1.0,0.9643291932481918,,1.0
Task_1_Average,1,0.9917541229385307,0.9751261795246695,,1.0
Task_2_Average,2,0.9513362584762665,0.9854047343223834,,1.0
