class_name,task_id,img_auc,pixel_auc,is_current_task,routing_accuracy
bottle,0,1.0,0.9643291932481918,False,1.0
cable,1,0.9917541229385307,0.9751261795246695,True,1.0
Average,,0.9958770614692654,0.9697276863864306,,1.0
Task_0_Average,0,1.0,0.9643291932481918,,1.0
Task_1_Average,1,0.9917541229385307,0.9751261795246695,,1.0
