class_name,task_id,img_auc,pixel_auc,is_current_task,routing_accuracy
bottle,0,1.0,0.9679815872346468,False,1.0
cable,1,0.9904422788605698,0.9751855312984089,False,1.0
capsule,2,0.9644994016753091,0.9858823725628636,False,1.0
carpet,3,0.9883627608346709,0.9824810261544139,True,1.0
Average,,0.9858261103426375,0.9778826293125833,,1.0
Task_0_Average,0,1.0,0.9679815872346468,,1.0
Task_1_Average,1,0.9904422788605698,0.9751855312984089,,1.0
Task_2_Average,2,0.9644994016753091,0.9858823725628636,,1.0
Task_3_Average,3,0.9883627608346709,0.9824810261544139,,1.0
