class_name,task_id,img_auc,pixel_auc,is_current_task,routing_accuracy
bottle,0,1.0,0.9791881896069405,False,1.0
cable,1,0.9696401799100449,0.9744634336697322,False,1.0
capsule,2,0.966094934184284,0.9879071630469155,True,1.0
Average,,0.9785783713647763,0.980519595441196,,1.0
Task_0_Average,0,1.0,0.9791881896069405,,1.0
Task_1_Average,1,0.9696401799100449,0.9744634336697322,,1.0
Task_2_Average,2,0.966094934184284,0.9879071630469155,,1.0
