class_name,task_id,img_auc,pixel_auc,is_current_task,routing_accuracy
bottle,0,1.0,0.9791881896069405,False,1.0
cable,1,0.9696401799100449,0.9744634336697322,True,1.0
Average,,0.9848200899550225,0.9768258116383364,,1.0
Task_0_Average,0,1.0,0.9791881896069405,,1.0
Task_1_Average,1,0.9696401799100449,0.9744634336697322,,1.0
