class_name,task_id,img_auc,pixel_auc,is_current_task,routing_accuracy
bottle,0,1.0,0.9771199738478622,False,1.0
cable,1,0.992503748125937,0.9760239464741668,False,1.0
capsule,2,0.9565217391304348,0.9859906260344927,True,1.0
Average,,0.983008495752124,0.9797115154521739,,1.0
Task_0_Average,0,1.0,0.9771199738478622,,1.0
Task_1_Average,1,0.992503748125937,0.9760239464741668,,1.0
Task_2_Average,2,0.9565217391304348,0.9859906260344927,,1.0
