class_name,task_id,img_auc,pixel_auc,is_current_task,routing_accuracy
bottle,0,1.0,0.9771199738478622,False,1.0
cable,1,0.992503748125937,0.9760239464741668,True,1.0
Average,,0.9962518740629684,0.9765719601610146,,1.0
Task_0_Average,0,1.0,0.9771199738478622,,1.0
Task_1_Average,1,0.992503748125937,0.9760239464741668,,1.0
