class_name,task_id,img_auc,pixel_auc,is_current_task,routing_accuracy
bottle,0,1.0,0.9823338500411729,False,1.0
cable,1,0.9893178410794603,0.9767001401020527,True,1.0
Average,,0.9946589205397302,0.9795169950716128,,1.0
Task_0_Average,0,1.0,0.9823338500411729,,1.0
Task_1_Average,1,0.9893178410794603,0.9767001401020527,,1.0
