class_name,task_id,img_auc,pixel_auc,is_current_task,routing_accuracy
bottle,0,1.0,0.9823338500411729,False,1.0
cable,1,0.9893178410794603,0.9767001401020527,False,1.0
capsule,2,0.9724770642201835,0.9866712602774107,True,1.0
Average,,0.9872649684332147,0.9819017501402122,,1.0
Task_0_Average,0,1.0,0.9823338500411729,,1.0
Task_1_Average,1,0.9893178410794603,0.9767001401020527,,1.0
Task_2_Average,2,0.9724770642201835,0.9866712602774107,,1.0
