class_name,task_id,img_auc,pixel_auc,is_current_task,routing_accuracy
bottle,0,1.0,0.9843666581479686,False,1.0
cable,1,0.97976011994003,0.9715375481051762,False,1.0
capsule,2,0.9473474272038293,0.9864538215791178,False,1.0
carpet,3,0.9947833065810594,0.9906513384651066,True,1.0
Average,,0.9804727134312297,0.9832523415743424,,1.0
Task_0_Average,0,1.0,0.9843666581479686,,1.0
Task_1_Average,1,0.97976011994003,0.9715375481051762,,1.0
Task_2_Average,2,0.9473474272038293,0.9864538215791178,,1.0
Task_3_Average,3,0.9947833065810594,0.9906513384651066,,1.0
