class_name,task_id,img_auc,pixel_auc,is_current_task,routing_accuracy
bottle,0,1.0,0.9843666581479686,False,1.0
cable,1,0.97976011994003,0.9715375481051762,True,1.0
Average,,0.989880059970015,0.9779521031265724,,1.0
Task_0_Average,0,1.0,0.9843666581479686,,1.0
Task_1_Average,1,0.97976011994003,0.9715375481051762,,1.0
