class_name,task_id,img_auc,pixel_auc,is_current_task,routing_accuracy
candle,0,0.8619000000000001,0.9858411787735567,False,1.0
capsules,1,0.7076666666666668,0.9380134770460892,True,1.0
Average,,0.7847833333333334,0.9619273279098229,,1.0
Task_0_Average,0,0.8619000000000001,0.9858411787735567,,1.0
Task_1_Average,1,0.7076666666666668,0.9380134770460892,,1.0
