class_name,task_id,img_auc,pixel_auc,is_current_task,routing_accuracy
bottle,0,1.0,0.979391125523298,False,1.0
cable,1,0.949400299850075,0.964535051294078,False,1.0
capsule,2,0.9545273234942162,0.9868367168505916,True,1.0
Average,,0.9679758744480971,0.9769209645559892,,1.0
Task_0_Average,0,1.0,0.979391125523298,,1.0
Task_1_Average,1,0.949400299850075,0.964535051294078,,1.0
Task_2_Average,2,0.9545273234942162,0.9868367168505916,,1.0
