class_name,task_id,img_auc,pixel_auc,is_current_task,routing_accuracy
bottle,0,1.0,0.977182596886614,False,1.0
cable,1,0.9788230884557722,0.9722649812040439,True,1.0
Average,,0.9894115442278861,0.974723789045329,,1.0
Task_0_Average,0,1.0,0.977182596886614,,1.0
Task_1_Average,1,0.9788230884557722,0.9722649812040439,,1.0
