class_name,task_id,img_auc,pixel_auc,is_current_task,routing_accuracy
bottle,0,1.0,0.9784474263573026,False,1.0
cable,1,0.9788230884557722,0.9720685537725364,False,1.0
capsule,2,0.9573195053849222,0.986800006292842,True,1.0
Average,,0.9787141979468981,0.9791053288075604,,1.0
Task_0_Average,0,1.0,0.9784474263573026,,1.0
Task_1_Average,1,0.9788230884557722,0.9720685537725364,,1.0
Task_2_Average,2,0.9573195053849222,0.986800006292842,,1.0
