class_name,task_id,img_auc,pixel_auc,is_current_task,routing_accuracy
bottle,0,1.0,0.9695037105644039,False,1.0
cable,1,0.9702023988005997,0.9687350573585914,True,1.0
Average,,0.9851011994002998,0.9691193839614977,,1.0
Task_0_Average,0,1.0,0.9695037105644039,,1.0
Task_1_Average,1,0.9702023988005997,0.9687350573585914,,1.0
