class_name,task_id,img_auc,pixel_auc,is_current_task,routing_accuracy
bottle,0,1.0,0.9695037105644039,False,1.0
cable,1,0.9702023988005997,0.9687350573585914,False,1.0
capsule,2,0.9150378938970882,0.986059932404063,True,1.0
Average,,0.9617467642325627,0.9747662334423528,,1.0
Task_0_Average,0,1.0,0.9695037105644039,,1.0
Task_1_Average,1,0.9702023988005997,0.9687350573585914,,1.0
Task_2_Average,2,0.9150378938970882,0.986059932404063,,1.0
