class_name,task_id,img_auc,pixel_auc,is_current_task,routing_accuracy
bottle,0,1.0,0.984746774343279,False,1.0
cable,1,0.9790104947526237,0.9700555535539913,False,1.0
capsule,2,0.9489429597128042,0.9860841647749258,False,1.0
carpet,3,0.9947833065810594,0.9907088337929773,True,1.0
Average,,0.9806841902616219,0.9828988316162932,,1.0
Task_0_Average,0,1.0,0.984746774343279,,1.0
Task_1_Average,1,0.9790104947526237,0.9700555535539913,,1.0
Task_2_Average,2,0.9489429597128042,0.9860841647749258,,1.0
Task_3_Average,3,0.9947833065810594,0.9907088337929773,,1.0
