class_name,task_id,img_auc,pixel_auc,is_current_task,routing_accuracy
bottle,0,1.0,0.984746774343279,False,1.0
cable,1,0.9790104947526237,0.9700555535539913,False,1.0
capsule,2,0.9489429597128042,0.9860841647749258,True,1.0
Average,,0.9759844848218093,0.9802954975573986,,1.0
Task_0_Average,0,1.0,0.984746774343279,,1.0
Task_1_Average,1,0.9790104947526237,0.9700555535539913,,1.0
Task_2_Average,2,0.9489429597128042,0.9860841647749258,,1.0
