class_name,task_id,img_auc,pixel_auc,is_current_task,routing_accuracy
bottle,0,1.0,0.984746774343279,False,1.0
cable,1,0.9790104947526237,0.9700555535539913,True,1.0
Average,,0.9895052473763118,0.9774011639486351,,1.0
Task_0_Average,0,1.0,0.984746774343279,,1.0
Task_1_Average,1,0.9790104947526237,0.9700555535539913,,1.0
