class_name,task_id,img_auc,pixel_auc,is_current_task,routing_accuracy
bottle,0,1.0,0.9681787787810229,False,1.0
cable,1,0.9801349325337332,0.968995746205406,False,1.0
capsule,2,0.9202233745512565,0.9857403575456852,True,1.0
Average,,0.9667861023616632,0.9743049608440381,,1.0
Task_0_Average,0,1.0,0.9681787787810229,,1.0
Task_1_Average,1,0.9801349325337332,0.968995746205406,,1.0
Task_2_Average,2,0.9202233745512565,0.9857403575456852,,1.0
