class_name,task_id,img_auc,pixel_auc,is_current_task,routing_accuracy
bottle,0,1.0,0.9681787787810229,False,1.0
cable,1,0.9801349325337332,0.968995746205406,True,1.0
Average,,0.9900674662668666,0.9685872624932144,,1.0
Task_0_Average,0,1.0,0.9681787787810229,,1.0
Task_1_Average,1,0.9801349325337332,0.968995746205406,,1.0
