class_name,task_id,img_auc,pixel_auc,is_current_task,routing_accuracy
bottle,0,1.0,0.9802265317230966,False,1.0
cable,1,0.9891304347826086,0.9759662844606865,False,1.0
capsule,2,0.9621061029118467,0.9864472661754244,True,1.0
Average,,0.9837455125648185,0.9808800274530691,,1.0
Task_0_Average,0,1.0,0.9802265317230966,,1.0
Task_1_Average,1,0.9891304347826086,0.9759662844606865,,1.0
Task_2_Average,2,0.9621061029118467,0.9864472661754244,,1.0
