class_name,task_id,img_auc,pixel_auc,is_current_task,routing_accuracy
bottle,0,1.0,0.9847147435396708,False,1.0
cable,1,0.9368440779610195,0.916293173094749,False,1.0
capsule,2,0.7925807738332669,0.9831950898110925,False,1.0
carpet,3,0.9951845906902086,0.9907828656553748,True,1.0
Average,,0.9311523606211238,0.9687464680252218,,1.0
Task_0_Average,0,1.0,0.9847147435396708,,1.0
Task_1_Average,1,0.9368440779610195,0.916293173094749,,1.0
Task_2_Average,2,0.7925807738332669,0.9831950898110925,,1.0
Task_3_Average,3,0.9951845906902086,0.9907828656553748,,1.0
