class_name,task_id,img_auc,pixel_auc,is_current_task,routing_accuracy
bottle,0,1.0,0.9847147435396708,False,1.0
cable,1,0.9368440779610195,0.916293173094749,True,1.0
Average,,0.9684220389805098,0.9505039583172099,,1.0
Task_0_Average,0,1.0,0.9847147435396708,,1.0
Task_1_Average,1,0.9368440779610195,0.916293173094749,,1.0
