class_name,task_id,img_auc,pixel_auc,is_current_task,routing_accuracy
candle,0,0.9002,0.8928245449018654,False,1.0
capsules,1,0.8748333333333334,0.9668797996075128,False,1.0
cashew,2,0.97,0.9812690323221166,False,1.0
chewinggum,3,0.9372,0.9514017995835587,True,1.0
Average,,0.9205583333333334,0.9480937941037634,,1.0
Task_0_Average,0,0.9002,0.8928245449018654,,1.0
Task_1_Average,1,0.8748333333333334,0.9668797996075128,,1.0
Task_2_Average,2,0.97,0.9812690323221166,,1.0
Task_3_Average,3,0.9372,0.9514017995835587,,1.0
