class_name,task_id,img_auc,pixel_auc,is_current_task,routing_accuracy
candle,0,0.9002,0.8928245449018654,False,1.0
capsules,1,0.8748333333333334,0.9668797996075128,True,1.0
Average,,0.8875166666666667,0.9298521722546891,,1.0
Task_0_Average,0,0.9002,0.8928245449018654,,1.0
Task_1_Average,1,0.8748333333333334,0.9668797996075128,,1.0
