class_name,task_id,img_auc,pixel_auc,is_current_task,routing_accuracy
candle,0,0.9019,0.8876192685071368,False,1.0
capsules,1,0.8703333333333333,0.960936881919254,True,1.0
Average,,0.8861166666666667,0.9242780752131954,,1.0
Task_0_Average,0,0.9019,0.8876192685071368,,1.0
Task_1_Average,1,0.8703333333333333,0.960936881919254,,1.0
