class_name,task_id,img_auc,pixel_auc,is_current_task,routing_accuracy
bottle,0,1.0,0.9835215456582022,False,1.0
cable,1,0.9870689655172413,0.9742205618640623,False,1.0
capsule,2,0.949341842840048,0.9858307720538843,True,1.0
Average,,0.9788036027857631,0.9811909598587163,,1.0
Task_0_Average,0,1.0,0.9835215456582022,,1.0
Task_1_Average,1,0.9870689655172413,0.9742205618640623,,1.0
Task_2_Average,2,0.949341842840048,0.9858307720538843,,1.0
