class_name,task_id,img_auc,pixel_auc,is_current_task,routing_accuracy
candle,0,0.8774500000000001,0.8221769732862808,False,1.0
capsules,1,0.6471666666666667,0.9121096409916691,True,1.0
Average,,0.7623083333333334,0.8671433071389749,,1.0
Task_0_Average,0,0.8774500000000001,0.8221769732862808,,1.0
Task_1_Average,1,0.6471666666666667,0.9121096409916691,,1.0
