class_name,task_id,img_auc,pixel_auc,is_current_task,routing_accuracy
candle,0,0.8774500000000001,0.8221769732862808,False,1.0
capsules,1,0.6471666666666667,0.9121096409916691,False,1.0
cashew,2,0.9001,0.8895038105343867,False,1.0
chewinggum,3,0.9279999999999999,0.9736280438112165,True,1.0
Average,,0.8381791666666667,0.8993546171558883,,1.0
Task_0_Average,0,0.8774500000000001,0.8221769732862808,,1.0
Task_1_Average,1,0.6471666666666667,0.9121096409916691,,1.0
Task_2_Average,2,0.9001,0.8895038105343867,,1.0
Task_3_Average,3,0.9279999999999999,0.9736280438112165,,1.0
