class_name,task_id,img_auc,pixel_auc,is_current_task,routing_accuracy
candle,0,0.8774500000000001,0.8221769732862808,True,1.0
Average,,0.8774500000000001,0.8221769732862808,,1.0
Task_0_Average,0,0.8774500000000001,0.8221769732862808,,1.0
