class_name,task_id,img_auc,pixel_auc,is_current_task,routing_accuracy
bottle,0,1.0,0.9729909152558579,False,1.0
cable,1,0.9718890554722638,0.9692901862598918,True,1.0
Average,,0.9859445277361318,0.9711405507578749,,1.0
Task_0_Average,0,1.0,0.9729909152558579,,1.0
Task_1_Average,1,0.9718890554722638,0.9692901862598918,,1.0
