class_name,task_id,img_auc,pixel_auc,is_current_task,routing_accuracy
bottle,0,1.0,0.9804407761690016,False,1.0
cable,1,0.9881934032983508,0.9757386679036599,False,1.0
capsule,2,0.9648982848025529,0.9868329652788296,False,1.0
carpet,3,0.9935794542536115,0.9876459301226596,True,1.0
Average,,0.9866677855886289,0.9826645848685376,,1.0
Task_0_Average,0,1.0,0.9804407761690016,,1.0
Task_1_Average,1,0.9881934032983508,0.9757386679036599,,1.0
Task_2_Average,2,0.9648982848025529,0.9868329652788296,,1.0
Task_3_Average,3,0.9935794542536115,0.9876459301226596,,1.0
