class_name,task_id,img_auc,pixel_auc,is_current_task,routing_accuracy
bottle,0,1.0,0.9804407761690016,False,1.0
cable,1,0.9881934032983508,0.9757386679036599,True,1.0
Average,,0.9940967016491754,0.9780897220363307,,1.0
Task_0_Average,0,1.0,0.9804407761690016,,1.0
Task_1_Average,1,0.9881934032983508,0.9757386679036599,,1.0
