class_name,task_id,img_auc,pixel_auc,is_current_task,routing_accuracy
bottle,0,1.0,0.9626421646892332,False,1.0
cable,1,0.9917541229385307,0.9746093514467308,False,1.0
capsule,2,0.9457518946948544,0.9852132822531915,True,1.0
Average,,0.9791686725444618,0.9741549327963851,,1.0
Task_0_Average,0,1.0,0.9626421646892332,,1.0
Task_1_Average,1,0.9917541229385307,0.9746093514467308,,1.0
Task_2_Average,2,0.9457518946948544,0.9852132822531915,,1.0
