class_name,task_id,img_auc,pixel_auc,is_current_task,routing_accuracy
bottle,0,1.0,0.9642427840405335,False,1.0
cable,1,0.9908170914542729,0.9749604950112697,False,1.0
capsule,2,0.9589150378938972,0.985406664213742,False,1.0
carpet,3,0.9847512038523274,0.9816859213857974,True,1.0
Average,,0.9836208333001244,0.9765739661628356,,1.0
Task_0_Average,0,1.0,0.9642427840405335,,1.0
Task_1_Average,1,0.9908170914542729,0.9749604950112697,,1.0
Task_2_Average,2,0.9589150378938972,0.985406664213742,,1.0
Task_3_Average,3,0.9847512038523274,0.9816859213857974,,1.0
