class_name,task_id,img_auc,pixel_auc,is_current_task,routing_accuracy
leather,0,0.9996603260869565,0.9012818638399176,False,1.0
grid,1,0.9949874686716792,0.9730105767775852,True,1.0
Average,,0.9973238973793179,0.9371462203087514,,1.0
Task_0_Average,0,0.9996603260869565,0.9012818638399176,,1.0
Task_1_Average,1,0.9949874686716792,0.9730105767775852,,1.0
