class_name,task_id,img_auc,pixel_auc,is_current_task,routing_accuracy
bottle,0,1.0,0.9626554585279736,False,1.0
cable,1,0.9926911544227885,0.9750607771964035,True,1.0
Average,,0.9963455772113943,0.9688581178621886,,1.0
Task_0_Average,0,1.0,0.9626554585279736,,1.0
Task_1_Average,1,0.9926911544227885,0.9750607771964035,,1.0
