class_name,task_id,img_auc,pixel_auc,is_current_task,routing_accuracy
bottle,0,1.0,0.9626554585279736,False,1.0
cable,1,0.9926911544227885,0.9750607771964035,False,1.0
capsule,2,0.9505384922217791,0.9852923561832284,False,1.0
carpet,3,0.9851524879614766,0.981297307316364,True,1.0
Average,,0.9820955336515111,0.9760764748059924,,1.0
Task_0_Average,0,1.0,0.9626554585279736,,1.0
Task_1_Average,1,0.9926911544227885,0.9750607771964035,,1.0
Task_2_Average,2,0.9505384922217791,0.9852923561832284,,1.0
Task_3_Average,3,0.9851524879614766,0.981297307316364,,1.0
