class_name,task_id,img_auc,pixel_auc,is_current_task,routing_accuracy
bottle,0,1.0,0.971806684794028,False,1.0
cable,1,0.9508995502248876,0.9711184565974273,False,1.0
capsule,2,0.8994814519345832,0.9861567711868875,True,1.0
Average,,0.9501270007198236,0.9763606375261142,,1.0
Task_0_Average,0,1.0,0.971806684794028,,1.0
Task_1_Average,1,0.9508995502248876,0.9711184565974273,,1.0
Task_2_Average,2,0.8994814519345832,0.9861567711868875,,1.0
