class_name,task_id,img_auc,pixel_auc,is_current_task,routing_accuracy
bottle,0,1.0,0.9847374964453836,False,1.0
cable,1,0.9857571214392803,0.9736193736397273,False,1.0
capsule,2,0.947746310331073,0.9857270728052357,False,1.0
carpet,3,0.9951845906902086,0.9898851961210143,True,1.0
Average,,0.9821720056151406,0.9834922847528402,,1.0
Task_0_Average,0,1.0,0.9847374964453836,,1.0
Task_1_Average,1,0.9857571214392803,0.9736193736397273,,1.0
Task_2_Average,2,0.947746310331073,0.9857270728052357,,1.0
Task_3_Average,3,0.9951845906902086,0.9898851961210143,,1.0
