class_name,task_id,img_auc,pixel_auc,is_current_task,routing_accuracy
bottle,0,1.0,0.9657726042902425,False,1.0
cable,1,0.9913793103448276,0.9772943594467037,True,1.0
Average,,0.9956896551724138,0.9715334818684731,,1.0
Task_0_Average,0,1.0,0.9657726042902425,,1.0
Task_1_Average,1,0.9913793103448276,0.9772943594467037,,1.0
