class_name,task_id,img_auc,pixel_auc,is_current_task,routing_accuracy
bottle,0,1.0,0.9657726042902425,False,1.0
cable,1,0.9913793103448276,0.9772943594467037,False,1.0
capsule,2,0.9676904666932589,0.9845723969650032,True,1.0
Average,,0.9863565923460289,0.9758797869006498,,1.0
Task_0_Average,0,1.0,0.9657726042902425,,1.0
Task_1_Average,1,0.9913793103448276,0.9772943594467037,,1.0
Task_2_Average,2,0.9676904666932589,0.9845723969650032,,1.0
