class_name,task_id,img_auc,pixel_auc,is_current_task,routing_accuracy
bottle,0,1.0,0.9837348553738707,False,1.0
cable,1,0.9835082458770614,0.9716190681832927,True,1.0
Average,,0.9917541229385307,0.9776769617785817,,1.0
Task_0_Average,0,1.0,0.9837348553738707,,1.0
Task_1_Average,1,0.9835082458770614,0.9716190681832927,,1.0
