class_name,task_id,img_auc,pixel_auc,is_current_task,routing_accuracy
bottle,0,1.0,0.9802745878461568,False,1.0
cable,1,0.9906296851574212,0.9792832656109904,True,1.0
Average,,0.9953148425787106,0.9797789267285737,,1.0
Task_0_Average,0,1.0,0.9802745878461568,,1.0
Task_1_Average,1,0.9906296851574212,0.9792832656109904,,1.0
