class_name,task_id,img_auc,pixel_auc,is_current_task,routing_accuracy
bottle,0,1.0,0.9841148717264057,False,1.0
cable,1,0.9893178410794603,0.9758283413687587,True,1.0
Average,,0.9946589205397302,0.9799716065475822,,1.0
Task_0_Average,0,1.0,0.9841148717264057,,1.0
Task_1_Average,1,0.9893178410794603,0.9758283413687587,,1.0
