class_name,task_id,img_auc,pixel_auc,is_current_task,routing_accuracy
bottle,0,1.0,0.9777321510914545,False,1.0
cable,1,0.9913793103448276,0.9756631686315178,False,1.0
capsule,2,0.9565217391304348,0.986854502843589,True,1.0
Average,,0.9826336831584208,0.9800832741888538,,1.0
Task_0_Average,0,1.0,0.9777321510914545,,1.0
Task_1_Average,1,0.9913793103448276,0.9756631686315178,,1.0
Task_2_Average,2,0.9565217391304348,0.986854502843589,,1.0
