class_name,task_id,img_auc,pixel_auc,is_current_task,routing_accuracy
bottle,0,1.0,0.9777321510914545,False,1.0
cable,1,0.9913793103448276,0.9756631686315178,True,1.0
Average,,0.9956896551724138,0.9766976598614862,,1.0
Task_0_Average,0,1.0,0.9777321510914545,,1.0
Task_1_Average,1,0.9913793103448276,0.9756631686315178,,1.0
