class_name,task_id,img_auc,pixel_auc,is_current_task,routing_accuracy
bottle,0,1.0,0.9788717923846358,False,1.0
cable,1,0.9908170914542729,0.9759201915926227,True,1.0
Average,,0.9954085457271364,0.9773959919886293,,1.0
Task_0_Average,0,1.0,0.9788717923846358,,1.0
Task_1_Average,1,0.9908170914542729,0.9759201915926227,,1.0
