class_name,task_id,img_auc,pixel_auc,is_current_task,routing_accuracy
bottle,0,1.0,0.9845267459399558,False,1.0
cable,1,0.9883808095952025,0.9726205328822016,True,1.0
Average,,0.9941904047976012,0.9785736394110787,,1.0
Task_0_Average,0,1.0,0.9845267459399558,,1.0
Task_1_Average,1,0.9883808095952025,0.9726205328822016,,1.0
