class_name,task_id,img_auc,pixel_auc,is_current_task,routing_accuracy
bottle,0,1.0,0.9677742877470695,False,1.0
cable,1,0.9885682158920539,0.9752033820534399,False,1.0
capsule,2,0.9553250897487037,0.985005232271553,True,1.0
Average,,0.9812977685469192,0.9759943006906875,,1.0
Task_0_Average,0,1.0,0.9677742877470695,,1.0
Task_1_Average,1,0.9885682158920539,0.9752033820534399,,1.0
Task_2_Average,2,0.9553250897487037,0.985005232271553,,1.0
