class_name,task_id,img_auc,pixel_auc,is_current_task,routing_accuracy
bottle,0,1.0,0.9677742877470695,False,1.0
cable,1,0.9885682158920539,0.9752033820534399,False,1.0
capsule,2,0.9553250897487037,0.985005232271553,False,1.0
carpet,3,0.9823434991974318,0.9820688130668874,True,1.0
Average,,0.9815592012095473,0.9775129287847375,,1.0
Task_0_Average,0,1.0,0.9677742877470695,,1.0
Task_1_Average,1,0.9885682158920539,0.9752033820534399,,1.0
Task_2_Average,2,0.9553250897487037,0.985005232271553,,1.0
Task_3_Average,3,0.9823434991974318,0.9820688130668874,,1.0
