class_name,task_id,img_auc,pixel_auc,is_current_task,routing_accuracy
bottle,0,1.0,0.9677742877470695,False,1.0
cable,1,0.9885682158920539,0.9752033820534399,True,1.0
Average,,0.994284107946027,0.9714888349002547,,1.0
Task_0_Average,0,1.0,0.9677742877470695,,1.0
Task_1_Average,1,0.9885682158920539,0.9752033820534399,,1.0
