class_name,task_id,img_auc,pixel_auc,is_current_task,routing_accuracy
bottle,0,1.0,0.9737759809161473,False,1.0
cable,1,0.9889430284857571,0.9771948103679426,False,1.0
capsule,2,0.9740725967291584,0.9853340757842057,True,1.0
Average,,0.9876718750716386,0.9787682890227652,,1.0
Task_0_Average,0,1.0,0.9737759809161473,,1.0
Task_1_Average,1,0.9889430284857571,0.9771948103679426,,1.0
Task_2_Average,2,0.9740725967291584,0.9853340757842057,,1.0
