class_name,task_id,img_auc,pixel_auc,is_current_task,routing_accuracy
bottle,0,1.0,0.9737759809161473,False,1.0
cable,1,0.9889430284857571,0.9771948103679426,True,1.0
Average,,0.9944715142428786,0.975485395642045,,1.0
Task_0_Average,0,1.0,0.9737759809161473,,1.0
Task_1_Average,1,0.9889430284857571,0.9771948103679426,,1.0
