class_name,task_id,img_auc,pixel_auc,is_current_task,routing_accuracy
bottle,0,1.0,0.9737759809161473,False,1.0
cable,1,0.9889430284857571,0.9771948103679426,False,1.0
capsule,2,0.9740725967291584,0.9853340757842057,False,1.0
carpet,3,0.9863563402889245,0.9850574906193915,True,1.0
Average,,0.98734299137596,0.9803405894219218,,1.0
Task_0_Average,0,1.0,0.9737759809161473,,1.0
Task_1_Average,1,0.9889430284857571,0.9771948103679426,,1.0
Task_2_Average,2,0.9740725967291584,0.9853340757842057,,1.0
Task_3_Average,3,0.9863563402889245,0.9850574906193915,,1.0
