class_name,task_id,img_auc,pixel_auc,is_current_task,routing_accuracy
bottle,0,1.0,0.9775373941451714,False,1.0
cable,1,0.9908170914542729,0.9749238532256735,False,1.0
capsule,2,0.9545273234942162,0.9861761149008424,False,1.0
carpet,3,0.9895666131621187,0.9867209394493833,True,1.0
Average,,0.983727757027652,0.9813395754302676,,1.0
Task_0_Average,0,1.0,0.9775373941451714,,1.0
Task_1_Average,1,0.9908170914542729,0.9749238532256735,,1.0
Task_2_Average,2,0.9545273234942162,0.9861761149008424,,1.0
Task_3_Average,3,0.9895666131621187,0.9867209394493833,,1.0
