class_name,task_id,img_auc,pixel_auc,is_current_task,routing_accuracy
bottle,0,1.0,0.9775373941451714,False,1.0
cable,1,0.9908170914542729,0.9749238532256735,True,1.0
Average,,0.9954085457271364,0.9762306236854225,,1.0
Task_0_Average,0,1.0,0.9775373941451714,,1.0
Task_1_Average,1,0.9908170914542729,0.9749238532256735,,1.0
