class_name,task_id,img_auc,pixel_auc,is_current_task,routing_accuracy
bottle,0,1.0,0.964928663712652,False,1.0
cable,1,0.9953148425787106,0.9774256783243677,True,1.0
Average,,0.9976574212893553,0.9711771710185098,,1.0
Task_0_Average,0,1.0,0.964928663712652,,1.0
Task_1_Average,1,0.9953148425787106,0.9774256783243677,,1.0
