class_name,task_id,img_auc,pixel_auc,is_current_task,routing_accuracy
leather,0,1.0,0.9437111498658521,False,1.0
grid,1,0.7117794486215538,0.8376238603000512,False,1.0
transistor,2,0.6370833333333333,0.8519628712478722,False,1.0
carpet,3,0.9542536115569822,0.9414903649099736,True,1.0
Average,,0.8257790983779674,0.8936970615809373,,1.0
Task_0_Average,0,1.0,0.9437111498658521,,1.0
Task_1_Average,1,0.7117794486215538,0.8376238603000512,,1.0
Task_2_Average,2,0.6370833333333333,0.8519628712478722,,1.0
Task_3_Average,3,0.9542536115569822,0.9414903649099736,,1.0
