class_name,task_id,img_auc,pixel_auc,is_current_task,routing_accuracy
leather,0,1.0,0.9437111498658521,False,1.0
grid,1,0.7117794486215538,0.8376238603000512,True,1.0
Average,,0.8558897243107769,0.8906675050829517,,1.0
Task_0_Average,0,1.0,0.9437111498658521,,1.0
Task_1_Average,1,0.7117794486215538,0.8376238603000512,,1.0
