class_name,task_id,img_auc,pixel_auc,is_current_task,routing_accuracy
bottle,0,0.44206349206349205,0.7246339519578961,False,1.0
cable,1,0.5239880059970015,0.6073232611923556,False,1.0
capsule,2,0.4232149980055844,0.8455872741146077,True,1.0
Average,,0.46308883202202594,0.7258481624216198,,1.0
Task_0_Average,0,0.44206349206349205,0.7246339519578961,,1.0
Task_1_Average,1,0.5239880059970015,0.6073232611923556,,1.0
Task_2_Average,2,0.4232149980055844,0.8455872741146077,,1.0
