class_name,task_id,img_auc,pixel_auc,is_current_task,routing_accuracy
bottle,0,0.976984126984127,0.9335838097191479,False,1.0
cable,1,0.4848200899550225,0.8472171250200171,True,1.0
Average,,0.7309021084695747,0.8904004673695824,,1.0
Task_0_Average,0,0.976984126984127,0.9335838097191479,,1.0
Task_1_Average,1,0.4848200899550225,0.8472171250200171,,1.0
