class_name,task_id,img_auc,pixel_auc,is_current_task,routing_accuracy
bottle,0,0.42142857142857143,0.6901718701359048,False,1.0
cable,1,0.46814092953523234,0.7043633564707252,False,1.0
capsule,2,0.525329078579976,0.8646996735009759,False,1.0
carpet,3,0.5638041733547352,0.9512436579458636,True,1.0
Average,,0.49467568822462876,0.8026196395133673,,1.0
Task_0_Average,0,0.42142857142857143,0.6901718701359048,,1.0
Task_1_Average,1,0.46814092953523234,0.7043633564707252,,1.0
Task_2_Average,2,0.525329078579976,0.8646996735009759,,1.0
Task_3_Average,3,0.5638041733547352,0.9512436579458636,,1.0
