class_name,task_id,img_auc,pixel_auc,is_current_task,routing_accuracy
candle,0,0.8169000000000001,0.9671116035973532,False,1.0
capsules,1,0.6815,0.9523329961793975,True,1.0
Average,,0.7492000000000001,0.9597222998883753,,1.0
Task_0_Average,0,0.8169000000000001,0.9671116035973532,,1.0
Task_1_Average,1,0.6815,0.9523329961793975,,1.0
