class_name,task_id,img_auc,pixel_auc,is_current_task,routing_accuracy
bottle,0,0.42063492063492064,0.7215661909800168,False,1.0
cable,1,0.5279235382308846,0.6064056986006179,False,1.0
capsule,2,0.42401276426007184,0.8463829288735076,True,1.0
Average,,0.45752374104195903,0.7247849394847141,,1.0
Task_0_Average,0,0.42063492063492064,0.7215661909800168,,1.0
Task_1_Average,1,0.5279235382308846,0.6064056986006179,,1.0
Task_2_Average,2,0.42401276426007184,0.8463829288735076,,1.0
