class_name,task_id,img_auc,pixel_auc,is_current_task,routing_accuracy
bottle,0,1.0,0.9799216242433771,False,1.0
cable,1,0.9893178410794603,0.9746644444988024,False,1.0
capsule,2,0.9641005185480654,0.9868394830075716,True,1.0
Average,,0.9844727865425086,0.9804751839165836,,1.0
Task_0_Average,0,1.0,0.9799216242433771,,1.0
Task_1_Average,1,0.9893178410794603,0.9746644444988024,,1.0
Task_2_Average,2,0.9641005185480654,0.9868394830075716,,1.0
