class_name,task_id,img_auc,pixel_auc,is_current_task,routing_accuracy
candle,0,0.9043,0.8852459562981325,False,1.0
capsules,1,0.8766666666666667,0.9590343933298746,True,1.0
Average,,0.8904833333333333,0.9221401748140036,,1.0
Task_0_Average,0,0.9043,0.8852459562981325,,1.0
Task_1_Average,1,0.8766666666666667,0.9590343933298746,,1.0
