class_name,task_id,img_auc,pixel_auc,is_current_task,routing_accuracy
bottle,0,1.0,0.9806712956392816,False,1.0
cable,1,0.9913793103448275,0.9767581040606331,False,1.0
capsule,2,0.9668927004387715,0.9864858001588346,True,1.0
Average,,0.9860906702611997,0.9813050666195832,,1.0
Task_0_Average,0,1.0,0.9806712956392816,,1.0
Task_1_Average,1,0.9913793103448275,0.9767581040606331,,1.0
Task_2_Average,2,0.9668927004387715,0.9864858001588346,,1.0
