class_name,task_id,img_auc,pixel_auc,is_current_task,routing_accuracy
bottle,0,1.0,0.9806712956392816,False,1.0
cable,1,0.9913793103448275,0.9767581040606331,True,1.0
Average,,0.9956896551724137,0.9787146998499574,,1.0
Task_0_Average,0,1.0,0.9806712956392816,,1.0
Task_1_Average,1,0.9913793103448275,0.9767581040606331,,1.0
