class_name,task_id,img_auc,pixel_auc,is_current_task,routing_accuracy
candle,0,0.8966,0.8978203195830744,False,1.0
capsules,1,0.8734999999999999,0.9702446104375233,False,1.0
cashew,2,0.9687999999999999,0.9810601979460775,True,1.0
Average,,0.9129666666666666,0.9497083759888918,,1.0
Task_0_Average,0,0.8966,0.8978203195830744,,1.0
Task_1_Average,1,0.8734999999999999,0.9702446104375233,,1.0
Task_2_Average,2,0.9687999999999999,0.9810601979460775,,1.0
