class_name,task_id,img_auc,pixel_auc,is_current_task,routing_accuracy
candle,0,0.8298000000000001,0.9744987656118274,False,1.0
capsules,1,0.6836666666666666,0.9591062364944144,True,1.0
Average,,0.7567333333333334,0.9668025010531209,,1.0
Task_0_Average,0,0.8298000000000001,0.9744987656118274,,1.0
Task_1_Average,1,0.6836666666666666,0.9591062364944144,,1.0
