class_name,task_id,img_auc,pixel_auc,is_current_task,routing_accuracy
bottle,0,1.0,0.9840536521743922,False,1.0
cable,1,0.9638305847076462,0.9562780132643657,False,1.0
capsule,2,0.9585161547666534,0.9867303462199501,True,1.0
Average,,0.9741155798247666,0.9756873372195694,,1.0
Task_0_Average,0,1.0,0.9840536521743922,,1.0
Task_1_Average,1,0.9638305847076462,0.9562780132643657,,1.0
Task_2_Average,2,0.9585161547666534,0.9867303462199501,,1.0
