class_name,task_id,img_auc,pixel_auc,is_current_task,routing_accuracy
bottle,0,1.0,0.9840536521743922,False,1.0
cable,1,0.9638305847076462,0.9562780132643657,True,1.0
Average,,0.981915292353823,0.970165832719379,,1.0
Task_0_Average,0,1.0,0.9840536521743922,,1.0
Task_1_Average,1,0.9638305847076462,0.9562780132643657,,1.0
