class_name,task_id,img_auc,pixel_auc,is_current_task,routing_accuracy
bottle,0,1.0,0.9807069237980844,False,1.0
cable,1,0.5742128935532235,0.5183079337862323,True,1.0
Average,,0.7871064467766118,0.7495074287921584,,1.0
Task_0_Average,0,1.0,0.9807069237980844,,1.0
Task_1_Average,1,0.5742128935532235,0.5183079337862323,,1.0
