class_name,task_id,img_auc,pixel_auc,is_current_task,routing_accuracy
bottle,0,1.0,0.9411815057621942,False,1.0
cable,1,0.9349700149925038,0.9084222179335855,False,1.0
capsule,2,0.7495013960909455,0.925731882100312,False,1.0
carpet,3,0.9759229534510433,0.9572558285542697,True,1.0
Average,,0.9150985911336231,0.9331478585875903,,1.0
Task_0_Average,0,1.0,0.9411815057621942,,1.0
Task_1_Average,1,0.9349700149925038,0.9084222179335855,,1.0
Task_2_Average,2,0.7495013960909455,0.925731882100312,,1.0
Task_3_Average,3,0.9759229534510433,0.9572558285542697,,1.0
