class_name,task_id,img_auc,pixel_auc,is_current_task,routing_accuracy
bracket_black,0,0.6316489361702128,0.9017751042126501,False,1.0
bracket_brown,1,0.823529411764706,0.9421954806849954,True,1.0
Average,,0.7275891739674594,0.9219852924488228,,1.0
Task_0_Average,0,0.6316489361702128,0.9017751042126501,,1.0
Task_1_Average,1,0.823529411764706,0.9421954806849954,,1.0
