class_name,task_id,img_auc,pixel_auc,is_current_task,routing_accuracy
bracket_black,0,0.6316489361702128,0.9017751042126501,True,1.0
Average,,0.6316489361702128,0.9017751042126501,,1.0
Task_0_Average,0,0.6316489361702128,0.9017751042126501,,1.0
