class_name,task_id,img_auc,pixel_auc,is_current_task,routing_accuracy
bracket_black,0,0.6316489361702128,0.9017751042126501,False,1.0
bracket_brown,1,0.823529411764706,0.9421954806849954,False,1.0
bracket_white,2,0.79,0.8884419772804683,True,1.0
Average,,0.7483927826449729,0.9108041873927046,,1.0
Task_0_Average,0,0.6316489361702128,0.9017751042126501,,1.0
Task_1_Average,1,0.823529411764706,0.9421954806849954,,1.0
Task_2_Average,2,0.79,0.8884419772804683,,1.0
