class_name,task_id,img_auc,pixel_auc,is_current_task,routing_accuracy
bottle,0,1.0,0.9814478114052283,False,1.0
cable,1,0.8487631184407796,0.8512701234787788,False,1.0
capsule,2,0.9178300757877942,0.9831381271193183,True,1.0
Average,,0.9221977314095247,0.9386186873344418,,1.0
Task_0_Average,0,1.0,0.9814478114052283,,1.0
Task_1_Average,1,0.8487631184407796,0.8512701234787788,,1.0
Task_2_Average,2,0.9178300757877942,0.9831381271193183,,1.0
