class_name,task_id,img_auc,pixel_auc,is_current_task,routing_accuracy
leather,0,1.0,0.9312722923881224,False,1.0
grid,1,0.9306599832915621,0.8983432971824695,False,1.0
transistor,2,0.7904166666666667,0.9354929642292085,False,1.0
screw,3,0.4517319122771059,0.8593469757477276,True,1.0
Average,,0.7932021405588336,0.906113882386882,,1.0
Task_0_Average,0,1.0,0.9312722923881224,,1.0
Task_1_Average,1,0.9306599832915621,0.8983432971824695,,1.0
Task_2_Average,2,0.7904166666666667,0.9354929642292085,,1.0
Task_3_Average,3,0.4517319122771059,0.8593469757477276,,1.0
