class_name,task_id,img_auc,pixel_auc,is_current_task,routing_accuracy
bottle,0,1.0,0.9837369672253653,False,1.0
cable,1,0.9838830584707646,0.9729799776328982,True,1.0
Average,,0.9919415292353824,0.9783584724291318,,1.0
Task_0_Average,0,1.0,0.9837369672253653,,1.0
Task_1_Average,1,0.9838830584707646,0.9729799776328982,,1.0
