class_name,task_id,img_auc,pixel_auc,is_current_task,routing_accuracy
bottle,0,1.0,0.9837369672253653,False,1.0
cable,1,0.9838830584707646,0.9729799776328982,False,1.0
capsule,2,0.9509373753490227,0.9868783256905292,True,1.0
Average,,0.9782734779399291,0.9811984235162643,,1.0
Task_0_Average,0,1.0,0.9837369672253653,,1.0
Task_1_Average,1,0.9838830584707646,0.9729799776328982,,1.0
Task_2_Average,2,0.9509373753490227,0.9868783256905292,,1.0
