class_name,task_id,img_auc,pixel_auc,is_current_task,routing_accuracy
bottle,0,1.0,0.9844271269936223,False,1.0
cable,1,0.9838830584707645,0.9660514670383811,True,1.0
Average,,0.9919415292353823,0.9752392970160018,,1.0
Task_0_Average,0,1.0,0.9844271269936223,,1.0
Task_1_Average,1,0.9838830584707645,0.9660514670383811,,1.0
