class_name,task_id,img_auc,pixel_auc,is_current_task,routing_accuracy
bottle,0,1.0,0.9844271269936223,False,1.0
cable,1,0.9838830584707645,0.9660514670383811,False,1.0
capsule,2,0.9513362584762665,0.9862917403454942,True,1.0
Average,,0.9784064389823436,0.9789234447924993,,1.0
Task_0_Average,0,1.0,0.9844271269936223,,1.0
Task_1_Average,1,0.9838830584707645,0.9660514670383811,,1.0
Task_2_Average,2,0.9513362584762665,0.9862917403454942,,1.0
