class_name,task_id,img_auc,pixel_auc,is_current_task,routing_accuracy
bottle,0,1.0,0.9648203257931606,False,1.0
cable,1,0.9928785607196402,0.9747398909981505,True,1.0
Average,,0.9964392803598201,0.9697801083956555,,1.0
Task_0_Average,0,1.0,0.9648203257931606,,1.0
Task_1_Average,1,0.9928785607196402,0.9747398909981505,,1.0
