class_name,task_id,img_auc,pixel_auc,is_current_task,routing_accuracy
bottle,0,1.0,0.9648203257931606,False,1.0
cable,1,0.9928785607196402,0.9747398909981505,False,1.0
capsule,2,0.957718388512166,0.9853473292820438,True,1.0
Average,,0.983532316410602,0.9749691820244516,,1.0
Task_0_Average,0,1.0,0.9648203257931606,,1.0
Task_1_Average,1,0.9928785607196402,0.9747398909981505,,1.0
Task_2_Average,2,0.957718388512166,0.9853473292820438,,1.0
