class_name,task_id,img_auc,pixel_auc,is_current_task,routing_accuracy
bottle,0,1.0,0.9643077948627838,False,1.0
cable,1,0.9891304347826086,0.97493855472031,False,1.0
capsule,2,0.9609094535301157,0.9854281139820306,True,1.0
Average,,0.9833466294375747,0.9748914878550415,,1.0
Task_0_Average,0,1.0,0.9643077948627838,,1.0
Task_1_Average,1,0.9891304347826086,0.97493855472031,,1.0
Task_2_Average,2,0.9609094535301157,0.9854281139820306,,1.0
