class_name,task_id,img_auc,pixel_auc,is_current_task,routing_accuracy
bottle,0,1.0,0.9643077948627838,False,1.0
cable,1,0.9891304347826086,0.97493855472031,True,1.0
Average,,0.9945652173913043,0.9696231747915469,,1.0
Task_0_Average,0,1.0,0.9643077948627838,,1.0
Task_1_Average,1,0.9891304347826086,0.97493855472031,,1.0
