class_name,task_id,img_auc,pixel_auc,is_current_task,routing_accuracy
bottle,0,1.0,0.9827194703891157,False,1.0
cable,1,0.9919415292353824,0.9769851405928327,False,1.0
capsule,2,0.9692859992022338,0.9863128814192567,False,1.0
carpet,3,0.9963884430176565,0.9900917609005535,True,1.0
Average,,0.9894039928638182,0.9840273133254396,,1.0
Task_0_Average,0,1.0,0.9827194703891157,,1.0
Task_1_Average,1,0.9919415292353824,0.9769851405928327,,1.0
Task_2_Average,2,0.9692859992022338,0.9863128814192567,,1.0
Task_3_Average,3,0.9963884430176565,0.9900917609005535,,1.0
