class_name,task_id,img_auc,pixel_auc,is_current_task,routing_accuracy
bottle,0,1.0,0.9827194703891157,False,1.0
cable,1,0.9919415292353824,0.9769851405928327,True,1.0
Average,,0.9959707646176912,0.9798523054909742,,1.0
Task_0_Average,0,1.0,0.9827194703891157,,1.0
Task_1_Average,1,0.9919415292353824,0.9769851405928327,,1.0
