class_name,task_id,img_auc,pixel_auc,is_current_task,routing_accuracy
bottle,0,1.0,0.9579921218267043,False,1.0
cable,1,0.951086956521739,0.9595786897403709,True,1.0
Average,,0.9755434782608695,0.9587854057835377,,1.0
Task_0_Average,0,1.0,0.9579921218267043,,1.0
Task_1_Average,1,0.951086956521739,0.9595786897403709,,1.0
