class_name,task_id,img_auc,pixel_auc,is_current_task,routing_accuracy
bottle,0,1.0,0.9579921218267043,False,1.0
cable,1,0.951086956521739,0.9595786897403709,False,1.0
capsule,2,0.8691663342640606,0.9738272219658183,False,1.0
carpet,3,0.982744783306581,0.9852840489414122,True,1.0
Average,,0.9507495185230952,0.9691705206185764,,1.0
Task_0_Average,0,1.0,0.9579921218267043,,1.0
Task_1_Average,1,0.951086956521739,0.9595786897403709,,1.0
Task_2_Average,2,0.8691663342640606,0.9738272219658183,,1.0
Task_3_Average,3,0.982744783306581,0.9852840489414122,,1.0
