class_name,task_id,img_auc,pixel_auc,is_current_task,routing_accuracy
candle,0,0.8185,0.9626071868787276,False,1.0
capsules,1,0.6956666666666668,0.9622387483574829,True,1.0
Average,,0.7570833333333333,0.9624229676181053,,1.0
Task_0_Average,0,0.8185,0.9626071868787276,,1.0
Task_1_Average,1,0.6956666666666668,0.9622387483574829,,1.0
