class_name,task_id,img_auc,pixel_auc,is_current_task,routing_accuracy
bottle,0,0.5849206349206348,0.8440202519557346,False,1.0
cable,1,0.4327211394302848,0.8500116875410932,False,1.0
capsule,2,0.6250498603909054,0.9659833596008518,True,1.0
Average,,0.547563878247275,0.8866717663658932,,1.0
Task_0_Average,0,0.5849206349206348,0.8440202519557346,,1.0
Task_1_Average,1,0.4327211394302848,0.8500116875410932,,1.0
Task_2_Average,2,0.6250498603909054,0.9659833596008518,,1.0
