class_name,task_id,img_auc,pixel_auc,is_current_task,routing_accuracy
bottle,0,1.0,0.9819554706349535,False,1.0
cable,1,0.6420539730134932,0.524275711003682,True,1.0
Average,,0.8210269865067465,0.7531155908193177,,1.0
Task_0_Average,0,1.0,0.9819554706349535,,1.0
Task_1_Average,1,0.6420539730134932,0.524275711003682,,1.0
