class_name,task_id,img_auc,pixel_auc,is_current_task,routing_accuracy
bottle,0,1.0,0.9819554706349535,False,1.0
cable,1,0.6420539730134932,0.524275711003682,False,1.0
capsule,2,0.5392899880335063,0.3688780693317604,False,1.0
carpet,3,0.3667736757624398,0.5621891619809299,True,1.0
Average,,0.6370294092023598,0.6093246032378314,,1.0
Task_0_Average,0,1.0,0.9819554706349535,,1.0
Task_1_Average,1,0.6420539730134932,0.524275711003682,,1.0
Task_2_Average,2,0.5392899880335063,0.3688780693317604,,1.0
Task_3_Average,3,0.3667736757624398,0.5621891619809299,,1.0
