class_name,task_id,img_auc,pixel_auc,is_current_task,routing_accuracy
bottle,0,1.0,0.98223821052391,False,1.0
cable,1,0.9887556221889056,0.9715257970024159,False,1.0
capsule,2,0.37654567211806944,0.4475022619186581,True,1.0
Average,,0.7884337647689916,0.8004220898149946,,1.0
Task_0_Average,0,1.0,0.98223821052391,,1.0
Task_1_Average,1,0.9887556221889056,0.9715257970024159,,1.0
Task_2_Average,2,0.37654567211806944,0.4475022619186581,,1.0
