class_name,task_id,img_auc,pixel_auc,is_current_task,routing_accuracy
bottle,0,1.0,0.98223821052391,False,1.0
cable,1,0.9887556221889056,0.9715257970024159,True,1.0
Average,,0.9943778110944528,0.9768820037631629,,1.0
Task_0_Average,0,1.0,0.98223821052391,,1.0
Task_1_Average,1,0.9887556221889056,0.9715257970024159,,1.0
