class_name,task_id,img_auc,pixel_auc,is_current_task,routing_accuracy
leather,0,1.0,0.9563284310171276,False,1.0
grid,1,0.8905597326649959,0.8913663257867688,False,1.0
transistor,2,0.7908333333333333,0.9336436836257197,True,1.0
Average,,0.8937976886661098,0.9271128134765387,,1.0
Task_0_Average,0,1.0,0.9563284310171276,,1.0
Task_1_Average,1,0.8905597326649959,0.8913663257867688,,1.0
Task_2_Average,2,0.7908333333333333,0.9336436836257197,,1.0
