class_name,task_id,img_auc,pixel_auc,is_current_task,routing_accuracy
candle,0,0.8024,0.9647342368363054,False,1.0
capsules,1,0.6878333333333333,0.9476652050008946,True,1.0
Average,,0.7451166666666666,0.9561997209186,,1.0
Task_0_Average,0,0.8024,0.9647342368363054,,1.0
Task_1_Average,1,0.6878333333333333,0.9476652050008946,,1.0
