class_name,task_id,img_auc,pixel_auc,is_current_task,routing_accuracy
candle,0,0.8024,0.9647342368363054,False,1.0
capsules,1,0.6878333333333333,0.9476652050008946,False,1.0
cashew,2,0.7986,0.9693148403275826,True,1.0
Average,,0.7629444444444444,0.960571427388261,,1.0
Task_0_Average,0,0.8024,0.9647342368363054,,1.0
Task_1_Average,1,0.6878333333333333,0.9476652050008946,,1.0
Task_2_Average,2,0.7986,0.9693148403275826,,1.0
