class_name,task_id,img_auc,pixel_auc,is_current_task,routing_accuracy
bottle,0,1.0,0.9844061583598915,False,1.0
cable,1,0.9499625187406296,0.925793051284174,True,1.0
Average,,0.9749812593703149,0.9550996048220328,,1.0
Task_0_Average,0,1.0,0.9844061583598915,,1.0
Task_1_Average,1,0.9499625187406296,0.925793051284174,,1.0
