class_name,task_id,img_auc,pixel_auc,is_current_task,routing_accuracy
bottle,0,1.0,0.9701451818720236,False,1.0
cable,1,0.9925037481259371,0.9762068885840992,True,1.0
Average,,0.9962518740629686,0.9731760352280614,,1.0
Task_0_Average,0,1.0,0.9701451818720236,,1.0
Task_1_Average,1,0.9925037481259371,0.9762068885840992,,1.0
