class_name,task_id,img_auc,pixel_auc,is_current_task,routing_accuracy
leather,0,1.0,0.9720822473734937,False,1.0
grid,1,0.8462823725981622,0.9080459128239182,False,1.0
transistor,2,0.7729166666666666,0.9269502595022662,False,1.0
carpet,3,0.9678972712680578,0.964942918906725,True,1.0
Average,,0.8967740776332216,0.9430053346516007,,1.0
Task_0_Average,0,1.0,0.9720822473734937,,1.0
Task_1_Average,1,0.8462823725981622,0.9080459128239182,,1.0
Task_2_Average,2,0.7729166666666666,0.9269502595022662,,1.0
Task_3_Average,3,0.9678972712680578,0.964942918906725,,1.0
