class_name,task_id,img_auc,pixel_auc,is_current_task,routing_accuracy
candle,0,0.8998,0.889819191919229,False,1.0
capsules,1,0.8758333333333332,0.9647082092287789,True,1.0
Average,,0.8878166666666667,0.9272637005740039,,1.0
Task_0_Average,0,0.8998,0.889819191919229,,1.0
Task_1_Average,1,0.8758333333333332,0.9647082092287789,,1.0
