class_name,task_id,img_auc,pixel_auc,is_current_task,routing_accuracy
candle,0,0.8998,0.889819191919229,False,1.0
capsules,1,0.8758333333333332,0.9647082092287789,False,1.0
cashew,2,0.9742,0.9803497408775851,True,1.0
Average,,0.916611111111111,0.9449590473418642,,1.0
Task_0_Average,0,0.8998,0.889819191919229,,1.0
Task_1_Average,1,0.8758333333333332,0.9647082092287789,,1.0
Task_2_Average,2,0.9742,0.9803497408775851,,1.0
