class_name,task_id,img_auc,pixel_auc,is_current_task,routing_accuracy
bottle,0,1.0,0.9642077042585399,False,1.0
cable,1,0.9910044977511245,0.976529795107377,True,1.0
Average,,0.9955022488755623,0.9703687496829585,,1.0
Task_0_Average,0,1.0,0.9642077042585399,,1.0
Task_1_Average,1,0.9910044977511245,0.976529795107377,,1.0
