class_name,task_id,img_auc,pixel_auc,is_current_task,routing_accuracy
bottle,0,1.0,0.9642077042585399,False,1.0
cable,1,0.9910044977511245,0.976529795107377,False,1.0
capsule,2,0.9573195053849223,0.9853199631327674,True,1.0
Average,,0.9827746677120156,0.9753524874995615,,1.0
Task_0_Average,0,1.0,0.9642077042585399,,1.0
Task_1_Average,1,0.9910044977511245,0.976529795107377,,1.0
Task_2_Average,2,0.9573195053849223,0.9853199631327674,,1.0
