class_name,task_id,img_auc,pixel_auc,is_current_task,routing_accuracy
leather,0,1.0,0.9319129585685362,False,1.0
grid,1,0.8863826232247285,0.8914611597781992,False,1.0
transistor,2,0.7841666666666667,0.9320037356893951,False,1.0
screw,3,0.3996720639475302,0.835475778433283,True,1.0
Average,,0.7675553384597313,0.8977134081173533,,1.0
Task_0_Average,0,1.0,0.9319129585685362,,1.0
Task_1_Average,1,0.8863826232247285,0.8914611597781992,,1.0
Task_2_Average,2,0.7841666666666667,0.9320037356893951,,1.0
Task_3_Average,3,0.3996720639475302,0.835475778433283,,1.0
