class_name,task_id,img_auc,pixel_auc,is_current_task,routing_accuracy
bottle,0,1.0,0.9665943354052637,False,1.0
cable,1,0.9870689655172414,0.9713117652899215,False,1.0
capsule,2,0.92381332269645,0.9857305805608306,True,1.0
Average,,0.9702940960712305,0.9745455604186719,,1.0
Task_0_Average,0,1.0,0.9665943354052637,,1.0
Task_1_Average,1,0.9870689655172414,0.9713117652899215,,1.0
Task_2_Average,2,0.92381332269645,0.9857305805608306,,1.0
