class_name,task_id,img_auc,pixel_auc,is_current_task,routing_accuracy
candle,0,0.8308,0.7904854275984619,False,1.0
capsules,1,0.7346666666666668,0.9579663365130592,True,1.0
Average,,0.7827333333333334,0.8742258820557605,,1.0
Task_0_Average,0,0.8308,0.7904854275984619,,1.0
Task_1_Average,1,0.7346666666666668,0.9579663365130592,,1.0
