class_name,task_id,img_auc,pixel_auc,is_current_task,routing_accuracy
candle,0,0.8303999999999999,0.9842609970310368,False,1.0
capsules,1,0.68,0.9284708469590353,False,1.0
cashew,2,0.8351999999999999,0.9705404300036121,False,1.0
chewinggum,3,0.9468000000000001,0.9866458910730453,True,1.0
Average,,0.8231,0.9674795412666823,,1.0
Task_0_Average,0,0.8303999999999999,0.9842609970310368,,1.0
Task_1_Average,1,0.68,0.9284708469590353,,1.0
Task_2_Average,2,0.8351999999999999,0.9705404300036121,,1.0
Task_3_Average,3,0.9468000000000001,0.9866458910730453,,1.0
