class_name,task_id,img_auc,pixel_auc,is_current_task,routing_accuracy
candle,0,0.8303999999999999,0.9842609970310368,False,1.0
capsules,1,0.68,0.9284708469590353,False,1.0
cashew,2,0.8351999999999999,0.9705404300036121,True,1.0
Average,,0.7818666666666667,0.9610907579978947,,1.0
Task_0_Average,0,0.8303999999999999,0.9842609970310368,,1.0
Task_1_Average,1,0.68,0.9284708469590353,,1.0
Task_2_Average,2,0.8351999999999999,0.9705404300036121,,1.0
