class_name,task_id,img_auc,pixel_auc,is_current_task,routing_accuracy
bottle,0,1.0,0.9676837243886618,False,1.0
cable,1,0.9921289355322338,0.9760831469039615,True,1.0
Average,,0.9960644677661169,0.9718834356463116,,1.0
Task_0_Average,0,1.0,0.9676837243886618,,1.0
Task_1_Average,1,0.9921289355322338,0.9760831469039615,,1.0
