class_name,task_id,img_auc,pixel_auc,is_current_task,routing_accuracy
candle,0,0.8864000000000001,0.8624398931220835,False,1.0
capsules,1,0.8866666666666666,0.957693107613983,True,1.0
Average,,0.8865333333333334,0.9100665003680333,,1.0
Task_0_Average,0,0.8864000000000001,0.8624398931220835,,1.0
Task_1_Average,1,0.8866666666666666,0.957693107613983,,1.0
