class_name,task_id,img_auc,pixel_auc,is_current_task,routing_accuracy
bottle,0,1.0,0.9754767492547264,False,1.0
cable,1,0.8705022488755622,0.9345389841527936,True,1.0
Average,,0.935251124437781,0.95500786670376,,1.0
Task_0_Average,0,1.0,0.9754767492547264,,1.0
Task_1_Average,1,0.8705022488755622,0.9345389841527936,,1.0
