class_name,task_id,img_auc,pixel_auc,is_current_task,routing_accuracy
bottle,0,1.0,0.9759253492705054,False,1.0
cable,1,0.9925037481259371,0.9757030405286075,False,1.0
capsule,2,0.9541284403669725,0.9859010300066172,True,1.0
Average,,0.9822107294976364,0.9791764732685767,,1.0
Task_0_Average,0,1.0,0.9759253492705054,,1.0
Task_1_Average,1,0.9925037481259371,0.9757030405286075,,1.0
Task_2_Average,2,0.9541284403669725,0.9859010300066172,,1.0
