class_name,task_id,img_auc,pixel_auc,is_current_task,routing_accuracy
bottle,0,1.0,0.9759253492705054,False,1.0
cable,1,0.9925037481259371,0.9757030405286075,True,1.0
Average,,0.9962518740629686,0.9758141948995565,,1.0
Task_0_Average,0,1.0,0.9759253492705054,,1.0
Task_1_Average,1,0.9925037481259371,0.9757030405286075,,1.0
