class_name,task_id,img_auc,pixel_auc,is_current_task,routing_accuracy
bottle,0,1.0,0.9449429393847624,False,1.0
cable,1,0.8680659670164917,0.9075325682409856,False,1.0
capsule,2,0.6621459912245712,0.9295706127817726,True,1.0
Average,,0.8434039860803543,0.9273487068025069,,1.0
Task_0_Average,0,1.0,0.9449429393847624,,1.0
Task_1_Average,1,0.8680659670164917,0.9075325682409856,,1.0
Task_2_Average,2,0.6621459912245712,0.9295706127817726,,1.0
