class_name,task_id,img_auc,pixel_auc,is_current_task,routing_accuracy
bottle,0,1.0,0.9449429393847624,False,1.0
cable,1,0.8680659670164917,0.9075325682409856,False,1.0
capsule,2,0.6621459912245712,0.9295706127817726,False,1.0
carpet,3,0.9699036918138041,0.959570206962901,True,1.0
Average,,0.8750289125137167,0.9354040818426054,,1.0
Task_0_Average,0,1.0,0.9449429393847624,,1.0
Task_1_Average,1,0.8680659670164917,0.9075325682409856,,1.0
Task_2_Average,2,0.6621459912245712,0.9295706127817726,,1.0
Task_3_Average,3,0.9699036918138041,0.959570206962901,,1.0
