class_name,task_id,img_auc,pixel_auc,is_current_task,routing_accuracy
bottle,0,1.0,0.9449429393847624,False,1.0
cable,1,0.8680659670164917,0.9075325682409856,True,1.0
Average,,0.9340329835082459,0.926237753812874,,1.0
Task_0_Average,0,1.0,0.9449429393847624,,1.0
Task_1_Average,1,0.8680659670164917,0.9075325682409856,,1.0
