class_name,task_id,img_auc,pixel_auc,is_current_task,routing_accuracy
bottle,0,1.0,0.9663907910543171,False,1.0
cable,1,0.9872563718140929,0.9760076115833176,True,1.0
Average,,0.9936281859070464,0.9711992013188173,,1.0
Task_0_Average,0,1.0,0.9663907910543171,,1.0
Task_1_Average,1,0.9872563718140929,0.9760076115833176,,1.0
