class_name,task_id,img_auc,pixel_auc,is_current_task,routing_accuracy
bottle,0,1.0,0.9663907910543171,False,1.0
cable,1,0.9872563718140929,0.9760076115833176,False,1.0
capsule,2,0.9641005185480654,0.9849635931269224,True,1.0
Average,,0.9837856301207194,0.975787331921519,,1.0
Task_0_Average,0,1.0,0.9663907910543171,,1.0
Task_1_Average,1,0.9872563718140929,0.9760076115833176,,1.0
Task_2_Average,2,0.9641005185480654,0.9849635931269224,,1.0
