class_name,task_id,img_auc,pixel_auc,is_current_task,routing_accuracy
bottle,0,1.0,0.9837769859218566,False,1.0
cable,1,0.9838830584707646,0.9740870053629003,True,1.0
Average,,0.9919415292353824,0.9789319956423784,,1.0
Task_0_Average,0,1.0,0.9837769859218566,,1.0
Task_1_Average,1,0.9838830584707646,0.9740870053629003,,1.0
