class_name,task_id,img_auc,pixel_auc,is_current_task,routing_accuracy
bottle,0,1.0,0.9660069935298029,False,1.0
cable,1,0.9883808095952024,0.9722720759126069,True,1.0
Average,,0.9941904047976011,0.9691395347212048,,1.0
Task_0_Average,0,1.0,0.9660069935298029,,1.0
Task_1_Average,1,0.9883808095952024,0.9722720759126069,,1.0
