class_name,task_id,img_auc,pixel_auc,is_current_task,routing_accuracy
bottle,0,1.0,0.9826018824433649,False,1.0
cable,1,0.9866941529235382,0.9776161427675876,False,1.0
capsule,2,0.9724770642201834,0.9859807512399126,True,1.0
Average,,0.9863904057145739,0.9820662588169551,,1.0
Task_0_Average,0,1.0,0.9826018824433649,,1.0
Task_1_Average,1,0.9866941529235382,0.9776161427675876,,1.0
Task_2_Average,2,0.9724770642201834,0.9859807512399126,,1.0
