class_name,task_id,img_auc,pixel_auc,is_current_task,routing_accuracy
candle,0,0.8314,0.9696674907361028,False,1.0
capsules,1,0.6960000000000001,0.9543547921452328,False,1.0
cashew,2,0.8398000000000001,0.9768580729953819,True,1.0
Average,,0.7890666666666668,0.9669601186255724,,1.0
Task_0_Average,0,0.8314,0.9696674907361028,,1.0
Task_1_Average,1,0.6960000000000001,0.9543547921452328,,1.0
Task_2_Average,2,0.8398000000000001,0.9768580729953819,,1.0
