class_name,task_id,img_auc,pixel_auc,is_current_task,routing_accuracy
bottle,0,1.0,0.964144857478711,False,1.0
cable,1,0.9923163418290855,0.9749474289312456,True,1.0
Average,,0.9961581709145427,0.9695461432049783,,1.0
Task_0_Average,0,1.0,0.964144857478711,,1.0
Task_1_Average,1,0.9923163418290855,0.9749474289312456,,1.0
