class_name,task_id,img_auc,pixel_auc,is_current_task,routing_accuracy
bottle,0,1.0,0.964144857478711,False,1.0
cable,1,0.9923163418290855,0.9749474289312456,False,1.0
capsule,2,0.9509373753490228,0.9854608430649392,False,1.0
carpet,3,0.9859550561797752,0.9819414977885165,True,1.0
Average,,0.9823021933394709,0.9766236568158532,,1.0
Task_0_Average,0,1.0,0.964144857478711,,1.0
Task_1_Average,1,0.9923163418290855,0.9749474289312456,,1.0
Task_2_Average,2,0.9509373753490228,0.9854608430649392,,1.0
Task_3_Average,3,0.9859550561797752,0.9819414977885165,,1.0
