class_name,task_id,img_auc,pixel_auc,is_current_task,routing_accuracy
bottle,0,1.0,0.964144857478711,False,1.0
cable,1,0.9923163418290855,0.9749474289312456,False,1.0
capsule,2,0.9509373753490228,0.9854608430649392,True,1.0
Average,,0.9810845723927027,0.9748510431582987,,1.0
Task_0_Average,0,1.0,0.964144857478711,,1.0
Task_1_Average,1,0.9923163418290855,0.9749474289312456,,1.0
Task_2_Average,2,0.9509373753490228,0.9854608430649392,,1.0
