class_name,task_id,img_auc,pixel_auc,is_current_task,routing_accuracy
bottle,0,1.0,0.946904758279382,False,1.0
cable,1,0.9162293853073463,0.9041635835346983,True,1.0
Average,,0.9581146926536732,0.9255341709070402,,1.0
Task_0_Average,0,1.0,0.946904758279382,,1.0
Task_1_Average,1,0.9162293853073463,0.9041635835346983,,1.0
