class_name,task_id,img_auc,pixel_auc,is_current_task,routing_accuracy
bottle,0,1.0,0.946904758279382,False,1.0
cable,1,0.9162293853073463,0.9041635835346983,False,1.0
capsule,2,0.7275628240925409,0.9202975938049354,True,1.0
Average,,0.8812640697999624,0.9237886452063385,,1.0
Task_0_Average,0,1.0,0.946904758279382,,1.0
Task_1_Average,1,0.9162293853073463,0.9041635835346983,,1.0
Task_2_Average,2,0.7275628240925409,0.9202975938049354,,1.0
