class_name,task_id,img_auc,pixel_auc,is_current_task,routing_accuracy
bottle,0,1.0,0.9642427840405335,False,1.0
cable,1,0.9921289355322338,0.9749604950112697,True,1.0
Average,,0.9960644677661169,0.9696016395259016,,1.0
Task_0_Average,0,1.0,0.9642427840405335,,1.0
Task_1_Average,1,0.9921289355322338,0.9749604950112697,,1.0
