class_name,task_id,img_auc,pixel_auc,is_current_task,routing_accuracy
leather,0,1.0,0.9720243167306033,False,1.0
grid,1,0.8955722639933166,0.908163496839252,True,1.0
Average,,0.9477861319966583,0.9400939067849277,,1.0
Task_0_Average,0,1.0,0.9720243167306033,,1.0
Task_1_Average,1,0.8955722639933166,0.908163496839252,,1.0
