class_name,task_id,img_auc,pixel_auc,is_current_task,routing_accuracy
bottle,0,1.0,0.9840752157234618,False,1.0
cable,1,0.9893178410794603,0.9757120484665216,False,1.0
capsule,2,0.9656960510570403,0.9866214466127518,True,1.0
Average,,0.9850046307121669,0.9821362369342451,,1.0
Task_0_Average,0,1.0,0.9840752157234618,,1.0
Task_1_Average,1,0.9893178410794603,0.9757120484665216,,1.0
Task_2_Average,2,0.9656960510570403,0.9866214466127518,,1.0
