class_name,task_id,img_auc,pixel_auc,is_current_task,routing_accuracy
bottle,0,1.0,0.9814798900704254,False,1.0
cable,1,0.9883808095952025,0.9743947984156603,False,1.0
capsule,2,0.9621061029118468,0.9866617248147775,True,1.0
Average,,0.9834956375023497,0.9808454711002877,,1.0
Task_0_Average,0,1.0,0.9814798900704254,,1.0
Task_1_Average,1,0.9883808095952025,0.9743947984156603,,1.0
Task_2_Average,2,0.9621061029118468,0.9866617248147775,,1.0
