class_name,task_id,img_auc,pixel_auc,is_current_task,routing_accuracy
bottle,0,1.0,0.9814798900704254,False,1.0
cable,1,0.9883808095952025,0.9743947984156603,True,1.0
Average,,0.9941904047976012,0.9779373442430428,,1.0
Task_0_Average,0,1.0,0.9814798900704254,,1.0
Task_1_Average,1,0.9883808095952025,0.9743947984156603,,1.0
