class_name,task_id,img_auc,pixel_auc,is_current_task,routing_accuracy
bottle,0,1.0,0.9714483037477242,False,1.0
cable,1,0.9769490254872564,0.9672574632509159,True,1.0
Average,,0.9884745127436282,0.96935288349932,,1.0
Task_0_Average,0,1.0,0.9714483037477242,,1.0
Task_1_Average,1,0.9769490254872564,0.9672574632509159,,1.0
