class_name,task_id,img_auc,pixel_auc,is_current_task,routing_accuracy
bottle,0,1.0,0.9714483037477242,False,1.0
cable,1,0.9769490254872564,0.9672574632509159,False,1.0
capsule,2,0.8990825688073395,0.9857582312183846,True,1.0
Average,,0.9586771980981986,0.9748213327390083,,1.0
Task_0_Average,0,1.0,0.9714483037477242,,1.0
Task_1_Average,1,0.9769490254872564,0.9672574632509159,,1.0
Task_2_Average,2,0.8990825688073395,0.9857582312183846,,1.0
