class_name,task_id,img_auc,pixel_auc,is_current_task,routing_accuracy
bottle,0,0.9968253968253968,0.9715056619862783,True,1.0
cable,0,0.6763493253373313,0.4322750078146742,True,1.0
capsule,0,0.7594734742720384,0.8583677089876671,True,1.0
carpet,0,0.768860353130016,0.9677050128035843,True,1.0
grid,0,0.3784461152882206,0.4974366880711591,True,1.0
Average,,0.7159909329706007,0.7454580159326727,,1.0
Task_0_Average,0,0.7159909329706007,0.7454580159326727,,1.0
