class_name,task_id,img_auc,pixel_auc,is_current_task,routing_accuracy
leather,0,1.0,0.9720676910706337,False,1.0
grid,1,0.8462823725981622,0.9080475247032618,False,1.0
transistor,2,0.7725000000000001,0.9270306705350418,True,1.0
Average,,0.8729274575327207,0.9357152954363125,,1.0
Task_0_Average,0,1.0,0.9720676910706337,,1.0
Task_1_Average,1,0.8462823725981622,0.9080475247032618,,1.0
Task_2_Average,2,0.7725000000000001,0.9270306705350418,,1.0
