class_name,task_id,img_auc,pixel_auc,is_current_task,routing_accuracy
bottle,0,1.0,0.9841395828816251,False,1.0
cable,1,0.9887556221889056,0.9757608293708375,True,1.0
Average,,0.9943778110944528,0.9799502061262313,,1.0
Task_0_Average,0,1.0,0.9841395828816251,,1.0
Task_1_Average,1,0.9887556221889056,0.9757608293708375,,1.0
