class_name,task_id,img_auc,pixel_auc,is_current_task,routing_accuracy
bottle,0,1.0,0.9847374964453836,False,1.0
cable,1,0.9857571214392803,0.9736193736397273,True,1.0
Average,,0.9928785607196402,0.9791784350425554,,1.0
Task_0_Average,0,1.0,0.9847374964453836,,1.0
Task_1_Average,1,0.9857571214392803,0.9736193736397273,,1.0
