class_name,task_id,img_auc,pixel_auc,is_current_task,routing_accuracy
bottle,0,1.0,0.9849396298394448,False,1.0
cable,1,0.9904422788605698,0.9792438223596839,True,1.0
Average,,0.9952211394302849,0.9820917260995643,,1.0
Task_0_Average,0,1.0,0.9849396298394448,,1.0
Task_1_Average,1,0.9904422788605698,0.9792438223596839,,1.0
