class_name,task_id,img_auc,pixel_auc,is_current_task,routing_accuracy
bottle,0,1.0,0.9642217777027922,False,1.0
cable,1,0.9896926536731634,0.9709617303420459,False,1.0
capsule,2,0.9481451934583168,0.9858378515896378,True,1.0
Average,,0.97927928237716,0.9736737865448252,,1.0
Task_0_Average,0,1.0,0.9642217777027922,,1.0
Task_1_Average,1,0.9896926536731634,0.9709617303420459,,1.0
Task_2_Average,2,0.9481451934583168,0.9858378515896378,,1.0
