class_name,task_id,img_auc,pixel_auc,is_current_task,routing_accuracy
bottle,0,1.0,0.9642217777027922,False,1.0
cable,1,0.9896926536731634,0.9709617303420459,False,1.0
capsule,2,0.9481451934583168,0.9858378515896378,False,1.0
carpet,3,0.9887640449438202,0.9815724747872584,True,1.0
Average,,0.9816504730188251,0.9756484586054335,,1.0
Task_0_Average,0,1.0,0.9642217777027922,,1.0
Task_1_Average,1,0.9896926536731634,0.9709617303420459,,1.0
Task_2_Average,2,0.9481451934583168,0.9858378515896378,,1.0
Task_3_Average,3,0.9887640449438202,0.9815724747872584,,1.0
