class_name,task_id,img_auc,pixel_auc,is_current_task,routing_accuracy
bottle,0,1.0,0.9642217777027922,False,1.0
cable,1,0.9896926536731634,0.9709617303420459,True,1.0
Average,,0.9948463268365817,0.967591754022419,,1.0
Task_0_Average,0,1.0,0.9642217777027922,,1.0
Task_1_Average,1,0.9896926536731634,0.9709617303420459,,1.0
