class_name,task_id,img_auc,pixel_auc,is_current_task,routing_accuracy
bottle,0,0.6365079365079365,0.27578368648953155,False,1.0
cable,1,0.6062593703148426,0.5598402899885643,False,1.0
capsule,2,0.850418827283606,0.961817904117324,True,1.0
Average,,0.697728711368795,0.5991472935318066,,1.0
Task_0_Average,0,0.6365079365079365,0.27578368648953155,,1.0
Task_1_Average,1,0.6062593703148426,0.5598402899885643,,1.0
Task_2_Average,2,0.850418827283606,0.961817904117324,,1.0
