class_name,task_id,img_auc,pixel_auc,is_current_task,routing_accuracy
bottle,0,1.0,0.9815010386852339,False,1.0
cable,1,0.989880059970015,0.975718315430957,True,1.0
Average,,0.9949400299850075,0.9786096770580954,,1.0
Task_0_Average,0,1.0,0.9815010386852339,,1.0
Task_1_Average,1,0.989880059970015,0.975718315430957,,1.0
