class_name,task_id,img_auc,pixel_auc,is_current_task,routing_accuracy
bottle,0,1.0,0.984680051690513,False,1.0
cable,1,0.9887556221889056,0.9793515146192757,False,1.0
capsule,2,0.9692859992022338,0.9862772633572218,True,1.0
Average,,0.9860138737970464,0.9834362765556701,,1.0
Task_0_Average,0,1.0,0.984680051690513,,1.0
Task_1_Average,1,0.9887556221889056,0.9793515146192757,,1.0
Task_2_Average,2,0.9692859992022338,0.9862772633572218,,1.0
