class_name,task_id,img_auc,pixel_auc,is_current_task,routing_accuracy
leather,0,1.0,0.9377177237823979,False,1.0
grid,1,0.9147869674185464,0.891306725356435,False,1.0
transistor,2,0.79625,0.9332466952346585,False,1.0
screw,3,0.42529206804673086,0.8204057086953401,True,1.0
Average,,0.7840822588663193,0.8956692132672078,,1.0
Task_0_Average,0,1.0,0.9377177237823979,,1.0
Task_1_Average,1,0.9147869674185464,0.891306725356435,,1.0
Task_2_Average,2,0.79625,0.9332466952346585,,1.0
Task_3_Average,3,0.42529206804673086,0.8204057086953401,,1.0
