class_name,task_id,img_auc,pixel_auc,is_current_task,routing_accuracy
bottle,0,1.0,0.9789017803964168,False,1.0
cable,1,0.9908170914542729,0.97588297162257,False,1.0
capsule,2,0.9676904666932589,0.9861674047664688,True,1.0
Average,,0.9861691860491772,0.9803173855951518,,1.0
Task_0_Average,0,1.0,0.9789017803964168,,1.0
Task_1_Average,1,0.9908170914542729,0.97588297162257,,1.0
Task_2_Average,2,0.9676904666932589,0.9861674047664688,,1.0
