class_name,task_id,img_auc,pixel_auc,is_current_task,routing_accuracy
bottle,0,1.0,0.9705014515085586,False,1.0
cable,1,0.9911919040479761,0.9769544873690904,True,1.0
Average,,0.9955959520239881,0.9737279694388246,,1.0
Task_0_Average,0,1.0,0.9705014515085586,,1.0
Task_1_Average,1,0.9911919040479761,0.9769544873690904,,1.0
