class_name,task_id,img_auc,pixel_auc,is_current_task,routing_accuracy
bottle,0,1.0,0.9705014515085586,False,1.0
cable,1,0.9911919040479761,0.9769544873690904,False,1.0
capsule,2,0.9652971679297967,0.9845997132300638,True,1.0
Average,,0.9854963573259243,0.9773518840359042,,1.0
Task_0_Average,0,1.0,0.9705014515085586,,1.0
Task_1_Average,1,0.9911919040479761,0.9769544873690904,,1.0
Task_2_Average,2,0.9652971679297967,0.9845997132300638,,1.0
