class_name,task_id,img_auc,pixel_auc,is_current_task,routing_accuracy
leather,0,0.13858695652173914,0.5232340184755448,False,1.0
grid,1,0.4878863826232247,0.7284041005844132,False,1.0
transistor,2,0.5720833333333334,0.7656101545088067,True,1.0
Average,,0.3995188908260991,0.6724160911895883,,1.0
Task_0_Average,0,0.13858695652173914,0.5232340184755448,,1.0
Task_1_Average,1,0.4878863826232247,0.7284041005844132,,1.0
Task_2_Average,2,0.5720833333333334,0.7656101545088067,,1.0
