class_name,task_id,img_auc,pixel_auc,is_current_task,routing_accuracy
leather,0,0.17255434782608695,0.37911822998973094,True,1.0
Average,,0.17255434782608695,0.37911822998973094,,1.0
Task_0_Average,0,0.17255434782608695,0.37911822998973094,,1.0
