class_name,task_id,img_auc,pixel_auc,is_current_task,routing_accuracy
candle,0,0.8195,0.8094692530978741,False,1.0
capsules,1,0.6994999999999999,0.9450889334554019,False,1.0
cashew,2,0.9218000000000001,0.9538106137373745,True,1.0
Average,,0.8136,0.9027896000968836,,1.0
Task_0_Average,0,0.8195,0.8094692530978741,,1.0
Task_1_Average,1,0.6994999999999999,0.9450889334554019,,1.0
Task_2_Average,2,0.9218000000000001,0.9538106137373745,,1.0
