class_name,task_id,img_auc,pixel_auc,is_current_task,routing_accuracy
bottle,0,1.0,0.9813549146443409,False,1.0
cable,1,0.9904422788605698,0.9772823071264525,True,1.0
Average,,0.9952211394302849,0.9793186108853966,,1.0
Task_0_Average,0,1.0,0.9813549146443409,,1.0
Task_1_Average,1,0.9904422788605698,0.9772823071264525,,1.0
