class_name,task_id,img_auc,pixel_auc,is_current_task,routing_accuracy
candle,0,0.8866,0.896250754459604,False,1.0
capsules,1,0.8865,0.9735000072863186,True,1.0
Average,,0.88655,0.9348753808729613,,1.0
Task_0_Average,0,0.8866,0.896250754459604,,1.0
Task_1_Average,1,0.8865,0.9735000072863186,,1.0
