class_name,task_id,img_auc,pixel_auc,is_current_task,routing_accuracy
bottle,0,1.0,0.9754767492547264,False,1.0
cable,1,0.8705022488755622,0.9345389841527936,False,1.0
capsule,2,0.4511368169126446,0.2090514781356305,True,1.0
Average,,0.7738796885960689,0.7063557371810502,,1.0
Task_0_Average,0,1.0,0.9754767492547264,,1.0
Task_1_Average,1,0.8705022488755622,0.9345389841527936,,1.0
Task_2_Average,2,0.4511368169126446,0.2090514781356305,,1.0
