class_name,task_id,img_auc,pixel_auc,is_current_task,routing_accuracy
bottle,0,1.0,0.9798121014183995,False,1.0
cable,1,0.9887556221889056,0.9749171203055707,False,1.0
capsule,2,0.9629038691663342,0.9869864444433867,True,1.0
Average,,0.9838864971184133,0.9805718887224524,,1.0
Task_0_Average,0,1.0,0.9798121014183995,,1.0
Task_1_Average,1,0.9887556221889056,0.9749171203055707,,1.0
Task_2_Average,2,0.9629038691663342,0.9869864444433867,,1.0
