class_name,task_id,img_auc,pixel_auc,is_current_task,routing_accuracy
bottle,0,1.0,0.9798121014183995,False,1.0
cable,1,0.9887556221889056,0.9749171203055707,True,1.0
Average,,0.9943778110944528,0.9773646108619851,,1.0
Task_0_Average,0,1.0,0.9798121014183995,,1.0
Task_1_Average,1,0.9887556221889056,0.9749171203055707,,1.0
