class_name,task_id,img_auc,pixel_auc,is_current_task,routing_accuracy
bottle,0,1.0,0.9797982135795509,False,1.0
cable,1,0.989880059970015,0.974949681430443,True,1.0
Average,,0.9949400299850075,0.977373947504997,,1.0
Task_0_Average,0,1.0,0.9797982135795509,,1.0
Task_1_Average,1,0.989880059970015,0.974949681430443,,1.0
