class_name,task_id,img_auc,pixel_auc,is_current_task,routing_accuracy
bottle,0,1.0,0.9797982135795509,False,1.0
cable,1,0.989880059970015,0.974949681430443,False,1.0
capsule,2,0.9641005185480654,0.9869837015862146,True,1.0
Average,,0.9846601928393602,0.980577198865403,,1.0
Task_0_Average,0,1.0,0.9797982135795509,,1.0
Task_1_Average,1,0.989880059970015,0.974949681430443,,1.0
Task_2_Average,2,0.9641005185480654,0.9869837015862146,,1.0
