class_name,task_id,img_auc,pixel_auc,is_current_task,routing_accuracy
bottle,0,1.0,0.9836973217740571,False,1.0
cable,1,0.9861319340329835,0.973447231516541,False,1.0
capsule,2,0.9485440765855604,0.986968575715164,True,1.0
Average,,0.978225336872848,0.9813710430019208,,1.0
Task_0_Average,0,1.0,0.9836973217740571,,1.0
Task_1_Average,1,0.9861319340329835,0.973447231516541,,1.0
Task_2_Average,2,0.9485440765855604,0.986968575715164,,1.0
