class_name,task_id,img_auc,pixel_auc,is_current_task,routing_accuracy
bottle,0,1.0,0.9829306872273788,False,1.0
cable,1,0.9806971514242878,0.9694140016481483,False,1.0
capsule,2,0.9704826485839649,0.9873682264342664,False,1.0
carpet,3,0.9923756019261637,0.9895048310211295,True,1.0
Average,,0.9858888504836041,0.9823044365827307,,1.0
Task_0_Average,0,1.0,0.9829306872273788,,1.0
Task_1_Average,1,0.9806971514242878,0.9694140016481483,,1.0
Task_2_Average,2,0.9704826485839649,0.9873682264342664,,1.0
Task_3_Average,3,0.9923756019261637,0.9895048310211295,,1.0
