class_name,task_id,img_auc,pixel_auc,is_current_task,routing_accuracy
leather,0,1.0,0.9489036699446063,False,1.0
grid,1,0.9156223893065999,0.8936285852727263,True,1.0
Average,,0.9578111946532999,0.9212661276086662,,1.0
Task_0_Average,0,1.0,0.9489036699446063,,1.0
Task_1_Average,1,0.9156223893065999,0.8936285852727263,,1.0
