class_name,task_id,img_auc,pixel_auc,is_current_task,routing_accuracy
bottle,0,1.0,0.9800293476744094,False,1.0
cable,1,0.5772113943028485,0.569623074091419,True,1.0
Average,,0.7886056971514243,0.7748262108829143,,1.0
Task_0_Average,0,1.0,0.9800293476744094,,1.0
Task_1_Average,1,0.5772113943028485,0.569623074091419,,1.0
