class_name,task_id,img_auc,pixel_auc,is_current_task,routing_accuracy
bottle,0,1.0,0.9800293476744094,False,1.0
cable,1,0.5772113943028485,0.569623074091419,False,1.0
capsule,2,0.4878340646190666,0.4346614928224428,True,1.0
Average,,0.688348486307305,0.6614379715294237,,1.0
Task_0_Average,0,1.0,0.9800293476744094,,1.0
Task_1_Average,1,0.5772113943028485,0.569623074091419,,1.0
Task_2_Average,2,0.4878340646190666,0.4346614928224428,,1.0
