class_name,task_id,img_auc,pixel_auc,is_current_task,routing_accuracy
bottle,0,1.0,0.9622479318839356,False,1.0
cable,1,0.9825712143928036,0.9747479948080078,True,1.0
Average,,0.9912856071964018,0.9684979633459717,,1.0
Task_0_Average,0,1.0,0.9622479318839356,,1.0
Task_1_Average,1,0.9825712143928036,0.9747479948080078,,1.0
