class_name,task_id,img_auc,pixel_auc,is_current_task,routing_accuracy
bottle,0,1.0,0.971806684794028,False,1.0
cable,1,0.9508995502248876,0.9711184565974273,True,1.0
Average,,0.9754497751124438,0.9714625706957276,,1.0
Task_0_Average,0,1.0,0.971806684794028,,1.0
Task_1_Average,1,0.9508995502248876,0.9711184565974273,,1.0
