class_name,task_id,img_auc,pixel_auc,is_current_task,routing_accuracy
bottle,0,1.0,0.9825466073091622,False,1.0
cable,1,0.9895052473763118,0.975213388536446,False,1.0
capsule,2,0.9772636617471081,0.987545052517952,True,1.0
Average,,0.9889229697078066,0.9817683494545201,,1.0
Task_0_Average,0,1.0,0.9825466073091622,,1.0
Task_1_Average,1,0.9895052473763118,0.975213388536446,,1.0
Task_2_Average,2,0.9772636617471081,0.987545052517952,,1.0
