class_name,task_id,img_auc,pixel_auc,is_current_task,routing_accuracy
bottle,0,1.0,0.9825466073091622,False,1.0
cable,1,0.9895052473763118,0.975213388536446,True,1.0
Average,,0.9947526236881559,0.9788799979228041,,1.0
Task_0_Average,0,1.0,0.9825466073091622,,1.0
Task_1_Average,1,0.9895052473763118,0.975213388536446,,1.0
