class_name,task_id,img_auc,pixel_auc,is_current_task,routing_accuracy
bottle,0,1.0,0.9661094028478148,False,1.0
cable,1,0.9917541229385307,0.9749060275066435,False,1.0
capsule,2,0.9473474272038293,0.9850202844977817,True,1.0
Average,,0.9797005167141201,0.9753452382840799,,1.0
Task_0_Average,0,1.0,0.9661094028478148,,1.0
Task_1_Average,1,0.9917541229385307,0.9749060275066435,,1.0
Task_2_Average,2,0.9473474272038293,0.9850202844977817,,1.0
