class_name,task_id,img_auc,pixel_auc,is_current_task,routing_accuracy
bottle,0,1.0,0.9661094028478148,False,1.0
cable,1,0.9917541229385307,0.9749060275066435,True,1.0
Average,,0.9958770614692654,0.9705077151772291,,1.0
Task_0_Average,0,1.0,0.9661094028478148,,1.0
Task_1_Average,1,0.9917541229385307,0.9749060275066435,,1.0
