class_name,task_id,img_auc,pixel_auc,is_current_task,routing_accuracy
leather,0,0.998641304347826,0.9690194973176958,False,1.0
grid,1,0.8571428571428571,0.9155351586404422,False,1.0
transistor,2,0.7754166666666665,0.9186369973080913,False,1.0
carpet,3,0.9751203852327448,0.9632644753399083,True,1.0
Average,,0.9015803033475236,0.9416140321515345,,1.0
Task_0_Average,0,0.998641304347826,0.9690194973176958,,1.0
Task_1_Average,1,0.8571428571428571,0.9155351586404422,,1.0
Task_2_Average,2,0.7754166666666665,0.9186369973080913,,1.0
Task_3_Average,3,0.9751203852327448,0.9632644753399083,,1.0
