class_name,task_id,img_auc,pixel_auc,is_current_task,routing_accuracy
leather,0,1.0,0.9718623213582164,False,1.0
grid,1,0.8629908103592314,0.9174977969529177,False,1.0
transistor,2,0.7687499999999999,0.9208065684982081,True,1.0
Average,,0.8772469367864105,0.9367222289364475,,1.0
Task_0_Average,0,1.0,0.9718623213582164,,1.0
Task_1_Average,1,0.8629908103592314,0.9174977969529177,,1.0
Task_2_Average,2,0.7687499999999999,0.9208065684982081,,1.0
