class_name,task_id,img_auc,pixel_auc,is_current_task,routing_accuracy
bottle,0,1.0,0.9825569187689723,False,1.0
cable,1,0.9902548725637181,0.9800431198267756,True,1.0
Average,,0.9951274362818591,0.981300019297874,,1.0
Task_0_Average,0,1.0,0.9825569187689723,,1.0
Task_1_Average,1,0.9902548725637181,0.9800431198267756,,1.0
