class_name,task_id,img_auc,pixel_auc,is_current_task,routing_accuracy
bottle,0,1.0,0.9825569187689723,False,1.0
cable,1,0.9902548725637181,0.9800431198267756,False,1.0
capsule,2,0.9700837654567211,0.9857171682107061,True,1.0
Average,,0.9867795460068131,0.982772402268818,,1.0
Task_0_Average,0,1.0,0.9825569187689723,,1.0
Task_1_Average,1,0.9902548725637181,0.9800431198267756,,1.0
Task_2_Average,2,0.9700837654567211,0.9857171682107061,,1.0
