class_name,task_id,img_auc,pixel_auc,is_current_task,routing_accuracy
candle,0,0.8932,0.8915140919789056,False,1.0
capsules,1,0.8691666666666666,0.9645389546660786,True,1.0
Average,,0.8811833333333333,0.9280265233224921,,1.0
Task_0_Average,0,0.8932,0.8915140919789056,,1.0
Task_1_Average,1,0.8691666666666666,0.9645389546660786,,1.0
