class_name,task_id,img_auc,pixel_auc,is_current_task,routing_accuracy
bottle,0,1.0,0.9642427840405335,False,-1.0
cable,1,0.9921289355322338,0.9753101633768669,False,-1.0
capsule,2,0.9497407259672916,0.9851912196410527,False,-1.0
carpet,3,0.9859550561797753,0.9791665236664421,True,-1.0
Average,,0.9819561794198252,0.9759776726812238,,-1.0
Task_0_Average,0,1.0,0.9642427840405335,,-1.0
Task_1_Average,1,0.9921289355322338,0.9753101633768669,,-1.0
Task_2_Average,2,0.9497407259672916,0.9851912196410527,,-1.0
Task_3_Average,3,0.9859550561797753,0.9791665236664421,,-1.0
