class_name,task_id,img_auc,pixel_auc,is_current_task,routing_accuracy
bottle,0,0.419047619047619,0.25134985441860436,False,1.0
cable,1,0.625,0.4159746037153913,False,1.0
capsule,2,0.6457917830075788,0.9613216475833481,True,1.0
Average,,0.5632798006850659,0.5428820352391146,,1.0
Task_0_Average,0,0.419047619047619,0.25134985441860436,,1.0
Task_1_Average,1,0.625,0.4159746037153913,,1.0
Task_2_Average,2,0.6457917830075788,0.9613216475833481,,1.0
