class_name,task_id,img_auc,pixel_auc,is_current_task,routing_accuracy
bottle,0,0.4166666666666667,0.12944894911987126,False,1.0
cable,1,0.5723388305847076,0.3297935151595654,False,1.0
capsule,2,0.4902273633825289,0.24733967037616272,False,1.0
carpet,3,0.9795345104333868,0.986410811905692,True,1.0
Average,,0.6146918427668224,0.42324823664032285,,1.0
Task_0_Average,0,0.4166666666666667,0.12944894911987126,,1.0
Task_1_Average,1,0.5723388305847076,0.3297935151595654,,1.0
Task_2_Average,2,0.4902273633825289,0.24733967037616272,,1.0
Task_3_Average,3,0.9795345104333868,0.986410811905692,,1.0
