class_name,task_id,img_auc,pixel_auc,is_current_task,routing_accuracy
bottle,0,0.4380952380952381,0.31543673810147355,False,1.0
cable,1,0.8881184407796101,0.9443172325025058,True,1.0
Average,,0.6631068394374241,0.6298769853019897,,1.0
Task_0_Average,0,0.4380952380952381,0.31543673810147355,,1.0
Task_1_Average,1,0.8881184407796101,0.9443172325025058,,1.0
