class_name,task_id,img_auc,pixel_auc,is_current_task,routing_accuracy
bottle,0,1.0,0.9667856469728524,False,1.0
cable,1,0.9925037481259371,0.9766568858413567,True,1.0
Average,,0.9962518740629686,0.9717212664071045,,1.0
Task_0_Average,0,1.0,0.9667856469728524,,1.0
Task_1_Average,1,0.9925037481259371,0.9766568858413567,,1.0
