class_name,task_id,img_auc,pixel_auc,is_current_task,routing_accuracy
bottle,0,1.0,0.9837895043011652,False,1.0
cable,1,0.9818215892053973,0.9707811180006433,False,1.0
capsule,2,0.9469485440765856,0.9859744545586395,True,1.0
Average,,0.9762567110939943,0.980181692286816,,1.0
Task_0_Average,0,1.0,0.9837895043011652,,1.0
Task_1_Average,1,0.9818215892053973,0.9707811180006433,,1.0
Task_2_Average,2,0.9469485440765856,0.9859744545586395,,1.0
