class_name,task_id,img_auc,pixel_auc,is_current_task,routing_accuracy
bottle,0,1.0,0.9837895043011652,False,1.0
cable,1,0.9818215892053973,0.9707811180006433,True,1.0
Average,,0.9909107946026987,0.9772853111509042,,1.0
Task_0_Average,0,1.0,0.9837895043011652,,1.0
Task_1_Average,1,0.9818215892053973,0.9707811180006433,,1.0
