class_name,task_id,img_auc,pixel_auc,is_current_task,routing_accuracy
bottle,0,1.0,0.9792348764378294,False,1.0
cable,1,0.9874437781109445,0.9753243251122209,True,1.0
Average,,0.9937218890554722,0.9772796007750251,,1.0
Task_0_Average,0,1.0,0.9792348764378294,,1.0
Task_1_Average,1,0.9874437781109445,0.9753243251122209,,1.0
