class_name,task_id,img_auc,pixel_auc,is_current_task,routing_accuracy
bottle,0,1.0,0.9792348764378294,False,1.0
cable,1,0.9874437781109445,0.9753243251122209,False,1.0
capsule,2,0.9629038691663343,0.9864687988471866,False,1.0
carpet,3,0.9939807383627608,0.9878166723439992,True,1.0
Average,,0.9860820964100099,0.982211168185309,,1.0
Task_0_Average,0,1.0,0.9792348764378294,,1.0
Task_1_Average,1,0.9874437781109445,0.9753243251122209,,1.0
Task_2_Average,2,0.9629038691663343,0.9864687988471866,,1.0
Task_3_Average,3,0.9939807383627608,0.9878166723439992,,1.0
