class_name,task_id,img_auc,pixel_auc,is_current_task,routing_accuracy
bottle,0,1.0,0.9792348764378294,False,1.0
cable,1,0.9874437781109445,0.9753243251122209,False,1.0
capsule,2,0.9629038691663343,0.9864687988471866,True,1.0
Average,,0.9834492157590929,0.9803426667990789,,1.0
Task_0_Average,0,1.0,0.9792348764378294,,1.0
Task_1_Average,1,0.9874437781109445,0.9753243251122209,,1.0
Task_2_Average,2,0.9629038691663343,0.9864687988471866,,1.0
