class_name,task_id,img_auc,pixel_auc,is_current_task,routing_accuracy
bottle,0,1.0,0.9481435566107361,False,1.0
cable,1,0.9158545727136431,0.9026301088441936,True,1.0
Average,,0.9579272863568216,0.9253868327274648,,1.0
Task_0_Average,0,1.0,0.9481435566107361,,1.0
Task_1_Average,1,0.9158545727136431,0.9026301088441936,,1.0
