class_name,task_id,img_auc,pixel_auc,is_current_task,routing_accuracy
bottle,0,1.0,0.9633779784165949,False,1.0
cable,1,0.9921289355322339,0.9749878397702025,True,1.0
Average,,0.996064467766117,0.9691829090933988,,1.0
Task_0_Average,0,1.0,0.9633779784165949,,1.0
Task_1_Average,1,0.9921289355322339,0.9749878397702025,,1.0
