class_name,task_id,img_auc,pixel_auc,is_current_task,routing_accuracy
bottle,0,1.0,0.960782936979248,False,1.0
cable,1,0.9902548725637181,0.9736868172315053,True,1.0
Average,,0.9951274362818591,0.9672348771053767,,1.0
Task_0_Average,0,1.0,0.960782936979248,,1.0
Task_1_Average,1,0.9902548725637181,0.9736868172315053,,1.0
