class_name,task_id,img_auc,pixel_auc,is_current_task,routing_accuracy
candle,0,0.9009999999999999,0.8868285331311538,True,1.0
Average,,0.9009999999999999,0.8868285331311538,,1.0
Task_0_Average,0,0.9009999999999999,0.8868285331311538,,1.0
