class_name,task_id,img_auc,pixel_auc,is_current_task,routing_accuracy
candle,0,0.8843000000000001,0.985997225690425,False,1.0
capsules,1,0.6743333333333335,0.9581851573392102,True,1.0
Average,,0.7793166666666668,0.9720911915148176,,1.0
Task_0_Average,0,0.8843000000000001,0.985997225690425,,1.0
Task_1_Average,1,0.6743333333333335,0.9581851573392102,,1.0
