class_name,task_id,img_auc,pixel_auc,is_current_task,routing_accuracy
candle,0,0.8843000000000001,0.985997225690425,False,1.0
capsules,1,0.6743333333333335,0.9581851573392102,False,1.0
cashew,2,0.8794,0.9832518501481499,False,1.0
chewinggum,3,0.9630000000000001,0.9846817116115261,True,1.0
Average,,0.8502583333333333,0.9780289861973277,,1.0
Task_0_Average,0,0.8843000000000001,0.985997225690425,,1.0
Task_1_Average,1,0.6743333333333335,0.9581851573392102,,1.0
Task_2_Average,2,0.8794,0.9832518501481499,,1.0
Task_3_Average,3,0.9630000000000001,0.9846817116115261,,1.0
