class_name,task_id,img_auc,pixel_auc,is_current_task,routing_accuracy
candle,0,0.8843000000000001,0.985997225690425,True,1.0
Average,,0.8843000000000001,0.985997225690425,,1.0
Task_0_Average,0,0.8843000000000001,0.985997225690425,,1.0
