class_name,task_id,img_auc,pixel_auc,is_current_task,routing_accuracy
bottle,0,1.0,0.9772626638275668,False,1.0
cable,1,0.9799475262368815,0.9720902519124263,False,1.0
capsule,2,0.9573195053849222,0.9866414835427797,True,1.0
Average,,0.9790890105406013,0.9786647997609242,,1.0
Task_0_Average,0,1.0,0.9772626638275668,,1.0
Task_1_Average,1,0.9799475262368815,0.9720902519124263,,1.0
Task_2_Average,2,0.9573195053849222,0.9866414835427797,,1.0
