class_name,task_id,img_auc,pixel_auc,is_current_task,routing_accuracy
bottle,0,1.0,0.9772626638275668,False,1.0
cable,1,0.9799475262368815,0.9720902519124263,True,1.0
Average,,0.9899737631184408,0.9746764578699965,,1.0
Task_0_Average,0,1.0,0.9772626638275668,,1.0
Task_1_Average,1,0.9799475262368815,0.9720902519124263,,1.0
