class_name,task_id,img_auc,pixel_auc,is_current_task,routing_accuracy
bottle,0,0.7325396825396825,0.6012484353672737,False,1.0
cable,1,0.48069715142428787,0.6245943383683835,False,1.0
capsule,2,0.7403270841643399,0.94514978162722,True,1.0
Average,,0.6511879727094367,0.723664185120959,,1.0
Task_0_Average,0,0.7325396825396825,0.6012484353672737,,1.0
Task_1_Average,1,0.48069715142428787,0.6245943383683835,,1.0
Task_2_Average,2,0.7403270841643399,0.94514978162722,,1.0
