class_name,task_id,img_auc,pixel_auc,is_current_task,routing_accuracy
bottle,0,0.8111111111111111,0.8655781896026499,False,1.0
cable,1,0.8967391304347827,0.9299261918730632,True,1.0
Average,,0.8539251207729469,0.8977521907378565,,1.0
Task_0_Average,0,0.8111111111111111,0.8655781896026499,,1.0
Task_1_Average,1,0.8967391304347827,0.9299261918730632,,1.0
