class_name,task_id,img_auc,pixel_auc,is_current_task,routing_accuracy
bottle,0,0.5976190476190477,0.47925988541643955,False,1.0
cable,1,0.46682908545727136,0.5767211454293205,False,1.0
capsule,2,0.38013562026326286,0.7119585524595446,False,1.0
carpet,3,0.8760032102728732,0.9828096071818816,True,1.0
Average,,0.5801467409031138,0.6876872976217966,,1.0
Task_0_Average,0,0.5976190476190477,0.47925988541643955,,1.0
Task_1_Average,1,0.46682908545727136,0.5767211454293205,,1.0
Task_2_Average,2,0.38013562026326286,0.7119585524595446,,1.0
Task_3_Average,3,0.8760032102728732,0.9828096071818816,,1.0
