class_name,task_id,img_auc,pixel_auc,is_current_task,routing_accuracy
bottle,0,1.0,0.9802863498873647,False,1.0
cable,1,0.9805097451274363,0.972473630402103,True,1.0
Average,,0.9902548725637181,0.9763799901447339,,1.0
Task_0_Average,0,1.0,0.9802863498873647,,1.0
Task_1_Average,1,0.9805097451274363,0.972473630402103,,1.0
