class_name,task_id,img_auc,pixel_auc,is_current_task,routing_accuracy
leather,0,1.0,0.9759779384018742,False,1.0
grid,1,0.8345864661654135,0.9365102057693837,True,1.0
Average,,0.9172932330827068,0.9562440720856289,,1.0
Task_0_Average,0,1.0,0.9759779384018742,,1.0
Task_1_Average,1,0.8345864661654135,0.9365102057693837,,1.0
