class_name,task_id,img_auc,pixel_auc,is_current_task,routing_accuracy
bottle,0,1.0,0.9829862582273956,False,1.0
cable,1,0.9902548725637181,0.9768401735691498,True,1.0
Average,,0.9951274362818591,0.9799132158982726,,1.0
Task_0_Average,0,1.0,0.9829862582273956,,1.0
Task_1_Average,1,0.9902548725637181,0.9768401735691498,,1.0
