class_name,task_id,img_auc,pixel_auc,is_current_task,routing_accuracy
bottle,0,1.0,0.979391125523298,False,1.0
cable,1,0.949400299850075,0.964535051294078,True,1.0
Average,,0.9747001499250375,0.9719630884086881,,1.0
Task_0_Average,0,1.0,0.979391125523298,,1.0
Task_1_Average,1,0.949400299850075,0.964535051294078,,1.0
