class_name,task_id,img_auc,pixel_auc,is_current_task,routing_accuracy
bottle,0,1.0,0.979391125523298,False,1.0
cable,1,0.949400299850075,0.964535051294078,False,1.0
capsule,2,0.9545273234942162,0.9868367168505916,False,1.0
carpet,3,0.9907704654895666,0.988173678571043,True,1.0
Average,,0.9736745222084644,0.9797341430597527,,1.0
Task_0_Average,0,1.0,0.979391125523298,,1.0
Task_1_Average,1,0.949400299850075,0.964535051294078,,1.0
Task_2_Average,2,0.9545273234942162,0.9868367168505916,,1.0
Task_3_Average,3,0.9907704654895666,0.988173678571043,,1.0
