class_name,task_id,img_auc,pixel_auc,is_current_task,routing_accuracy
bottle,0,1.0,0.9820284351306268,False,1.0
cable,1,0.592391304347826,0.5715132770379736,False,1.0
capsule,2,0.40007977662544875,0.5218427663003049,False,1.0
carpet,3,0.442215088282504,0.5702014997149969,True,1.0
Average,,0.6086715423139447,0.6613964945459755,,1.0
Task_0_Average,0,1.0,0.9820284351306268,,1.0
Task_1_Average,1,0.592391304347826,0.5715132770379736,,1.0
Task_2_Average,2,0.40007977662544875,0.5218427663003049,,1.0
Task_3_Average,3,0.442215088282504,0.5702014997149969,,1.0
