class_name,task_id,img_auc,pixel_auc,is_current_task,routing_accuracy
bottle,0,1.0,0.9820284351306268,False,1.0
cable,1,0.592391304347826,0.5715132770379736,True,1.0
Average,,0.7961956521739131,0.7767708560843002,,1.0
Task_0_Average,0,1.0,0.9820284351306268,,1.0
Task_1_Average,1,0.592391304347826,0.5715132770379736,,1.0
