class_name,task_id,img_auc,pixel_auc,is_current_task,routing_accuracy
bottle,0,1.0,0.9820284351306268,False,1.0
cable,1,0.592391304347826,0.5715132770379736,False,1.0
capsule,2,0.40007977662544875,0.5218427663003049,True,1.0
Average,,0.6641570269910916,0.6917948261563017,,1.0
Task_0_Average,0,1.0,0.9820284351306268,,1.0
Task_1_Average,1,0.592391304347826,0.5715132770379736,,1.0
Task_2_Average,2,0.40007977662544875,0.5218427663003049,,1.0
