class_name,task_id,img_auc,pixel_auc,is_current_task,routing_accuracy
bottle,0,1.0,0.983800428220885,False,1.0
cable,1,0.9816341829085456,0.9717635832643735,True,1.0
Average,,0.9908170914542729,0.9777820057426292,,1.0
Task_0_Average,0,1.0,0.983800428220885,,1.0
Task_1_Average,1,0.9816341829085456,0.9717635832643735,,1.0
