class_name,task_id,img_auc,pixel_auc,is_current_task,routing_accuracy
bottle,0,1.0,0.983800428220885,False,1.0
cable,1,0.9816341829085456,0.9717635832643735,False,1.0
capsule,2,0.9525329078579976,0.986769105214696,False,1.0
carpet,3,0.9971910112359551,0.9903677557697628,True,1.0
Average,,0.9828395255006246,0.9831752181174293,,1.0
Task_0_Average,0,1.0,0.983800428220885,,1.0
Task_1_Average,1,0.9816341829085456,0.9717635832643735,,1.0
Task_2_Average,2,0.9525329078579976,0.986769105214696,,1.0
Task_3_Average,3,0.9971910112359551,0.9903677557697628,,1.0
