class_name,task_id,img_auc,pixel_auc,is_current_task,routing_accuracy
bottle,0,1.0,0.9640636880549437,False,1.0
cable,1,0.9887556221889056,0.9667793755711415,False,1.0
capsule,2,0.9509373753490227,0.985905384187992,False,1.0
carpet,3,0.989967897271268,0.9805523511520571,True,1.0
Average,,0.9824152237022991,0.9743251997415335,,1.0
Task_0_Average,0,1.0,0.9640636880549437,,1.0
Task_1_Average,1,0.9887556221889056,0.9667793755711415,,1.0
Task_2_Average,2,0.9509373753490227,0.985905384187992,,1.0
Task_3_Average,3,0.989967897271268,0.9805523511520571,,1.0
