class_name,task_id,img_auc,pixel_auc,is_current_task,routing_accuracy
bottle,0,1.0,0.9640636880549437,False,1.0
cable,1,0.9887556221889056,0.9667793755711415,True,1.0
Average,,0.9943778110944528,0.9654215318130426,,1.0
Task_0_Average,0,1.0,0.9640636880549437,,1.0
Task_1_Average,1,0.9887556221889056,0.9667793755711415,,1.0
