class_name,task_id,img_auc,pixel_auc,is_current_task,routing_accuracy
candle,0,0.8240999999999999,0.9702424138949406,False,1.0
capsules,1,0.6980000000000001,0.9624885491807847,False,1.0
cashew,2,0.8051999999999999,0.9766699060811256,True,1.0
Average,,0.7757666666666667,0.9698002897189503,,1.0
Task_0_Average,0,0.8240999999999999,0.9702424138949406,,1.0
Task_1_Average,1,0.6980000000000001,0.9624885491807847,,1.0
Task_2_Average,2,0.8051999999999999,0.9766699060811256,,1.0
