class_name,task_id,img_auc,pixel_auc,is_current_task,routing_accuracy
candle,0,0.9005,0.8918869110080114,False,1.0
capsules,1,0.8725,0.9661961289533055,False,1.0
cashew,2,0.9747999999999999,0.9802814194176216,True,1.0
Average,,0.9159333333333333,0.9461214864596462,,1.0
Task_0_Average,0,0.9005,0.8918869110080114,,1.0
Task_1_Average,1,0.8725,0.9661961289533055,,1.0
Task_2_Average,2,0.9747999999999999,0.9802814194176216,,1.0
