class_name,task_id,img_auc,pixel_auc,is_current_task,routing_accuracy
bottle,0,1.0,0.9833496754918427,False,1.0
cable,1,0.9900674662668666,0.9764292575881726,True,1.0
Average,,0.9950337331334334,0.9798894665400076,,1.0
Task_0_Average,0,1.0,0.9833496754918427,,1.0
Task_1_Average,1,0.9900674662668666,0.9764292575881726,,1.0
