class_name,task_id,img_auc,pixel_auc,is_current_task,routing_accuracy
bottle,0,1.0,0.9833496754918427,False,1.0
cable,1,0.9900674662668666,0.9764292575881726,False,1.0
capsule,2,0.9641005185480654,0.9861830618297106,True,1.0
Average,,0.9847226616049775,0.9819873316365753,,1.0
Task_0_Average,0,1.0,0.9833496754918427,,1.0
Task_1_Average,1,0.9900674662668666,0.9764292575881726,,1.0
Task_2_Average,2,0.9641005185480654,0.9861830618297106,,1.0
