class_name,task_id,img_auc,pixel_auc,is_current_task,routing_accuracy
bottle,0,1.0,0.9686735264005407,False,1.0
cable,1,0.9906296851574212,0.9760636500788237,True,1.0
Average,,0.9953148425787106,0.9723685882396822,,1.0
Task_0_Average,0,1.0,0.9686735264005407,,1.0
Task_1_Average,1,0.9906296851574212,0.9760636500788237,,1.0
