class_name,task_id,img_auc,pixel_auc,is_current_task,routing_accuracy
bottle,0,1.0,0.9686735264005407,False,1.0
cable,1,0.9906296851574212,0.9760636500788237,False,1.0
capsule,2,0.9712804148384524,0.9848487551811437,True,1.0
Average,,0.9873033666652912,0.976528643886836,,1.0
Task_0_Average,0,1.0,0.9686735264005407,,1.0
Task_1_Average,1,0.9906296851574212,0.9760636500788237,,1.0
Task_2_Average,2,0.9712804148384524,0.9848487551811437,,1.0
