class_name,task_id,img_auc,pixel_auc,is_current_task,routing_accuracy
candle,0,0.8655000000000002,0.8174009086076847,False,1.0
capsules,1,0.7186666666666667,0.9418342057093858,True,1.0
Average,,0.7920833333333335,0.8796175571585352,,1.0
Task_0_Average,0,0.8655000000000002,0.8174009086076847,,1.0
Task_1_Average,1,0.7186666666666667,0.9418342057093858,,1.0
