class_name,task_id,img_auc,pixel_auc,is_current_task,routing_accuracy
candle,0,0.8655000000000002,0.8174009086076847,False,1.0
capsules,1,0.7186666666666667,0.9418342057093858,False,1.0
cashew,2,0.871,0.9597940421935371,False,1.0
chewinggum,3,0.9298000000000001,0.9833749592707492,True,1.0
Average,,0.8462416666666668,0.9256010289453391,,1.0
Task_0_Average,0,0.8655000000000002,0.8174009086076847,,1.0
Task_1_Average,1,0.7186666666666667,0.9418342057093858,,1.0
Task_2_Average,2,0.871,0.9597940421935371,,1.0
Task_3_Average,3,0.9298000000000001,0.9833749592707492,,1.0
