class_name,task_id,img_auc,pixel_auc,is_current_task,routing_accuracy
bottle,0,1.0,0.9845329764801869,False,1.0
cable,1,0.9788230884557722,0.9703120429903067,True,1.0
Average,,0.9894115442278861,0.9774225097352468,,1.0
Task_0_Average,0,1.0,0.9845329764801869,,1.0
Task_1_Average,1,0.9788230884557722,0.9703120429903067,,1.0
