class_name,task_id,img_auc,pixel_auc,is_current_task,routing_accuracy
bottle,0,1.0,0.9845329764801869,False,1.0
cable,1,0.9788230884557722,0.9703120429903067,False,1.0
capsule,2,0.944954128440367,0.9861773130059487,True,1.0
Average,,0.9745924056320464,0.9803407774921474,,1.0
Task_0_Average,0,1.0,0.9845329764801869,,1.0
Task_1_Average,1,0.9788230884557722,0.9703120429903067,,1.0
Task_2_Average,2,0.944954128440367,0.9861773130059487,,1.0
