class_name,task_id,img_auc,pixel_auc,is_current_task,routing_accuracy
leather,0,0.47486413043478265,0.7184356291409707,True,1.0
Average,,0.47486413043478265,0.7184356291409707,,1.0
Task_0_Average,0,0.47486413043478265,0.7184356291409707,,1.0
